Question,Correct
सबै भन्दा ठुलो उच्च समस्थल (पमिर) कुन हो ?  ,Tibet
"विश्वको सबै भन्दा ठुलो र धेरै जनाले काम गर्न सक्ने Office, The Pentagon, USA मा लगभग कति जनाले काम गर्दछन् ?  ","32,000"
नेपालको करीब ८३ प्रतिसत भू-भाग पर्वातिये क्षेत्रले ढाकेको छ भने यस क्षेत्रमा कति प्रतिसत जनसंख्या बसोबास गर्छन ?  ,52 %
रुसी क्रान्ति कति चरणमा सम्पन्न भएको थियो ?  ,3
विश्वको सुन्दरी प्रतियोगिताको आरम्भ कहिले भएको थियो ?  ,1952 AD
२०१८ बैशाख १ गते सहिद गेट को उद्घाटन कसले गरेका थिए ?  ,King Mahendra
Prithvi Narayan Shah ले  कोसंग मितेरी लगाएका थिए ?  ,विरनरशिह मल्ल
नेपालका सार्वप्रथम   महिला राजदूत को हुन् ?  ,विन्देश्वरी शाह
Prithvi Narayan Shah को हत्याको षड्यन्त्र गर्ने को थिए ?  ,Karna Sen
तिनाउ' जलविघुत आयोजना कुन जिल्लामा पर्दछ।  ,Rupandehi
नेपालको केन्द्रिय बैंक कुन हो ?  ,नेपाल राष्ट्र बैंक
Monsanto कुन देशको विवादित बहु-राष्ट्रिय कृषि कम्पनी हो ?  ,United States of America
फिल्म हल नभएको देशः  ,Saudi Arabia
Astronomical Telescope को आविस्कार कहिले भएको हो ?  ,सन् १६०९
Brian Lara is related with which sport?  ,Cricket
कोपा अमेरिका कप -२०१९ उपाधि जित्ने राष्ट्र कुन हो ?  ,  ब्राजिल
विश्वभर सञ्चालित ‘जिरो हंगर च्यालेन्ज अभियान’ लाई आत्मसात् गर्दै नेपालले कहिलेसम्मा भोकमरी अन्त्य गर्ने प्रतिबद्धता जनाएको छ ?  ,सन् २०२५
विश्वमा सबैभन्दा धेरै रोबोट उत्पादन गर्ने राष्ट्र कुन हो ?  ,जापान
"एउटा समारोहमा सहभागीले हात मिलाउदा जम्मा 1326 पटक मिलाएछन,भने जम्मा कति जना सहभागी थिए??  ",52 जना
ABBCCCDDDD......को 50 औ अक्षर के आउछ??  ,J
भुलवस एउटा विधार्थीको अंक 63 को ठाउमा 83 लेखियो जसले गर्दा सम्पुर्ण विधार्थीको को अंक आधा(1/2) ले वृध्दि हुन पुग्यो भने कक्षामा कति विधार्थी होलान??  ,40 जना
"""संबिधान जिबन को बाटो हो, जसको छनोट राज्य आफैले गर्दछ"" यो भनाइ कसको हो ?  ",अरस्तु
नेपाली भाषा लाई भारत को संबिधान को कति औ अनुसूची मा राखिएको छ ?  ,८ औ
नेपाल को पहिलो लिखित संबिधान कुन हो?    ,"नेपाल सरकार को बैधानिक कानुन, २००४"
सुर्यको नजिक रहेको तारा कुन हो ?  ,Proxima Centauri
Surkhet जिल्लाको सदरमुकाम कुन हो ?  ,Birendranagar
How many districts are there in Mechi Zone?  ,4
फाल्गुनन्दको जन्म कहिले भएको थियो ?  ,"वि,स. १९४२"
मौलाकालिका मन्दिर कुन जिल्लामा पर्दछ ?  ,Nawalparasi
"भानुभक्तको बारेमा खोज-खाज गर्ने काम र उनलाई ""आदि कवि"" भनेर कसले चिनायका हुन् ?  ",Motiram Bhatta
तल दिएका मध्ये को नेपाली सेनाको चिफ होइन ?  ,Kul Bahadur Khadka
Where was Aristotle born?  ,"Stagira, Greece"
कौटिल्यका अनुसार राज्यको सम्प्रभुता कसमा निहित हुन्छ ?  ,राजा
सानिमा बैकंले प्रत्येक बर्ष पत्रकारिता क्षेत्रमा उत्कृष्ट योगदान पुर्याउने व्यक्तिलाई पुरस्कृत गर्ने गरी स्थापना गरको पाँच लाख रुपियाँ राशीको पुरस्कार कुन हो ?  ,सानिमा राष्ट्रिय पत्रकारिता पुरस्कार
श्रम स्वीकृति लिएर बैदेसिक रोजगारमा विश्वका विभिन्न मुलुकमा विभिन्न पेशामा काम गर्न गएका नेपाली को संख्या २०७० साल कार्तिक मसान्त सम्म कति पुगेको छ ?  ,३० लाख २१ हजार ३ सय २
सबै भन्दा ठुलो अन्तराष्ट्रिय बित्तिय संस्था कुन हो ?  ,World Bank
Michael Schumacher is related with which game?  ,F1
Fernando Alonso is related with which game?  ,F1
नेपाल दुरसंचार प्राधिकरणको तथ्यांक अनुसार नेपालमा मोबिले प्रयोगकर्ता को संख्या कति पुगेको छ ? (2070 BS को Data)   ,एक करोड ९४ लाख ३ हजार दुई सय ७३
१३औ सग गमे- २०१९(काठमाडौँ -पोखरा) कति रजत  पदक  वितरण गरिने भएको छ ?  , ३१७
१. जङ्गली हात्ती भगाउनका लागि साइरन ड्रोन निर्माण गर्ने नेपाली प्रतिभा को हुन् ?   ,अनिल प्रधान
चिनियाँ विदेशमन्त्री वाङ यी तीनदिने भ्रमणका लागि कहिले  नेपाल आएका थिए?  ,२०७६ भाद्र २२
366 पेजको कितावमा जम्मा कति Digit प्रयोग गरिएको हुन्छ??  ,990
"A 3-digit number 4p3 is added to another 3-digit number 984 to give the four-digit number 13q7, which is divisible by 11. then, (p + q) is :  ",10
संबिधान सभा  बाट संबिधान जारी गर्ने नेपाल कतिऔ राष्ट्र कुन हो?   ,४४ औ
सूर्यलाइ आफ्नो अक्षमा परिक्रमा गर्न कति समय लाग्दछ??  ,25 दिन 5 घण्टा
Antarctica महादेशको सबै भन्दा अग्लो हिमाल कुन हो ?   ,Vinson Massif
विश्वको कुल भू-भागको करिब एक चौथाई क्षेत्रफल ओगटेको पर्वातिये क्षेत्रमा कति प्रतिसत मानिस बसोबास गर्छन ?  ,12 %
"France का जनता हरु ""Madame Deficit"" भनेर कसलाई सम्बोधन गर्थे ?  ",Marie Antoinette
भगवान Gautam Buddha ले कुन ठाउँ मा तपस्या गरेर ज्ञान प्राप्त गरेका थिए ?  ,भारतको गया
Who is the Yug kabi of Nepal?  ,Siddhicharan sherestha
"नेपालको अन्तरिम संबिधान ,२०६३ कस्तो कानुन हो ?  ",मूल कानुन
Bisheshwar Prasad Koirala को देहवसन कहिले भएको हो ?  ,२०३९ श्रावण ६
Confucius द्वारा रचना गरिएको विश्व प्रसिद्व पुस्तक कुन हो ?  ,बसन्त र पतझर
Which National Park in Nepal receives the highest no. of Tourist?  ,Chitwan National Park
हाल नेपालमा कति प्रकारका ऋण पत्रहरु प्रयोगमा ल्याइएको छ ?  ,5 प्रकार
""" नन्दादेवी नेसनल पार्क "" कुन देशमा पर्छ ?  ",INDIA
अक्टोपसको रगत कुन रङको हुन्छ ?  ,Blue
Which of the following is not a Operating System in Computer?  ,JAVA
पद्मश्री साहित्य पुरस्कार २०७६ कुन कृतिलाई  प्रदान गरीयो?  ,छुटेका अनुहार
"हालै ""मानार्थ नागरिकता"" सम्मानित बेलायती नागरिक को हुन् ?  ",कोलिन स्मिथ
नेपाल सरकारले नेपाली भाषाका साथै अङ्ग्रेजी भाषासमेत प्रयोग गरी नयाँ ढाँचाको नेपाली नागरिकताको प्रमाणपत्र कहिलेदेखि दिन सुरु गरेको हो ?  ,वि.सं.२०६६ मङ्सिर १
A trader mixes 26 kg of rice at Rs. 20 per kg with 30 kg of rice of other variety at Rs. 36 per kg and sells the mixture at Rs. 30 per kg. His profit percent is:  ,5
"सेरिज पुरा गर्नुस..!! S,M,T,W,T,F,??  ",S
हाल नेपाल को संबिधानमा अनुसार कतिवटा राज्यका नीति तथा दायित्व को  व्यवस्था गरिएको छ?  ,१३ वटा
संबिधान सभा  बाट संबिधान जारी गर्ने पहिलो राष्ट्र कुन हो?   ,फ्रान्स
नेपालको एग वास्केट भनेर कुन जिल्लालाई चिनिन्छ??  ,चितवन
तल दिएको मध्ये Western Development Region मा नपर्ने जिल्ला कुन हो ?  ,Dang
फुंङ्चु  कुन नदीको अर्को नाउ हो ?  ,Arun
राष्ट्रिय जन-गणना 2068 BS अनुसार मात्रीभाषा नेपाली भएका कती प्रतिसत नेपाली छन् ?  ,44.6 %
महादेवको बाहन लाई के भनिन्छ ?  ,साँढे
रामशाहको समयमा प्रसासन र जगीतर्फको उच्च पद कुन परिवारमा बाडिएको थियो ?  ,६ थर
तल दिएका मध्ये को प्रहरी महानिरीक्षक होइनन् ?  ,Madan Khadka
कर्णाली अञ्चलकै पहिलो बाल-बिबाह मुक्त घोषित Jubitha गाबिस कुन जिल्लामा पर्दछ ?  ,Kalikot
नेपाल प्रररास्ट्र नीतिमा प्रवक्ता कसलाई मानिन्छ ?  ,पृथ्वीनारयण शाह
तल दिएको मध्ये कुन राष्ट्र BRICS समूहमा पर्दैन ?  ,Thailand
नेपालमा मूल्य अभिवृद्धि कर कहिले बाट लागु भएको थियो ?  ,BS 2054 Mangshir 1
नेपाल राष्ट्र बैंकको गभर्नरको नियुक्ति कसले गर्छ ?  ,नेपाल सरकार
विश्वको सबैभन्दा लामो टेलिभिजन अन्तर्वाताको किर्तिमान बनाउने सञ्चारकर्मी को हुन् ?  ,Rabi Lamichhane
"एक आणविक कण को नाम Nelson Mandela को नाम बाट राखिएको छ, उक्त नाम के हो?  ",मण्डेला पार्टीकल
Who is the founder of Google?  ,Larry Page & Sergey Brin
 विक्रम संवत् २०७६ असोज २८–३० सम्म काठमाडौँमा आयोजित गैरआवासीय नेपाली सङ्घ (एनआरएनए) को अध्यक्षमा चयन हुन सफल व्यक्तित्व को हुन् ?  , कुमार पन्त
पाँच दिनमा दुईपटक सगरमाथा आरोहण गरेर विश्व कीर्तिमान कायम गर्ने महिला को हुन् ?  , भारतीय महिला आरोही अंशु जाम्सेन्पा
हाल सम्म नेपाल सग दौत्य समन्ध कायम भएका राष्ट्र कति पुगेको छ?  ,१६८
" दिईएको सेरिज पुरा गर्नुस..!! 8,6,9,23,87,??  ",87x5=435-6=429
"यदि E=5 र HOTEL=12 भए,LAMB= कति होला??  ",7
विश्व को सबैभन्दा लामो   लिखित  संबिधान कुन हो?   ,भारत को संबिधान २६ जनवरी १९५०
नेपाल को पहिलो पटक कार्यन्वायन  भएको लिखित संबिधान कुन हो?   ,"नेपालको अन्तरिम शासन बिधान ,२००७"
हाल सम्म नेपाल को सबैभन्दा बढी पटक संसोधन भएको  संबिधान कुन हो?  , नेपालको अन्तरिम संबिधान २०६३
Kapilbastu जिल्लाको सदरमुकाम कुन हो ?  ,Taulihawa
नेपालको East - West लम्बाई कति छ ?  ,885 KM
तल दिएको मध्य Bagmati अञ्चलमा नपर्ने जिल्ला कुन हो ?  ,Ramechhap
दुर्गा(भगवती) को वाहन के हो ?  ,Lion
साहित्यमा कति वटा रस छन ?  ,9 रस
बिश्वकप फूटबलका लागि पहिलो पटक छनोट भएको एसीयाली राष्ट्र कुन हो ?  ,Indonesia
Junga Bahadur को मिर्त्यु कहिले भएको थियो ?  ,1933 b.c
सुकरात लाई दोषी ठहराई कस्तो सजाय दिने फैसला भएको थियो?  ,बिषपान गराउने
सुकरातको ज्ञानको दुई सिद्धान्तमध्ये आन्तरिक ज्ञानको सिद्धान्तले के बुझाउदैन?  ,इन्द्रियजन्य ज्ञान
विश्वव्यपार संगठनको नवौं मन्त्रीस्तरीय सम्मेलन कहिले सम्पन्न भयो ? (Was Organized at Bali of Indonesia)  ,2013 Dec 3 - 6
नेपाल राष्ट्र बैंकको मूलधन पुजी कति रहेको छ ?  ,१ अर्ब
"अर्थशास्त्रमा मुद्रा र ज्यालाको सम्बन्ध देखाउने एउटा प्रसिद्ध बक्ररेखा छ, त्यसलाई के भनिन्छ?  ",Phillips Curve
Ricky Ponting is related with which game?  ,Cricket
Printing Press को आविस्कार कसले गरेका थिए ?  ,Johannes Gutenberg
Which country won Copa America Cup 2015?  ,Chile
दक्षिण एसियाली खेलकुद मा सबै भन्दा बढी स्वर्ण पदक जित्ने नेपाली खेलाडी को हुन् ?   ,दिपक बिष्ट
विश्व करुणा दिवस कहिले पर्छ?  ,नोभेम्बर १३
नेपाल मा हाल कति स्थानीय तह रहेका छन?  ,753
यदि तरकारीको मुल्य 20% ले घट्यो भने पहिलेकै खर्च कायम गर्दा उपभोगमा कति प्रतिशतले वृध्दि गर्नुपर्ला??  ,25%
""" Ivor Jennings "" कुन संबिधान को निर्माण आएका बिदेशी कानुनविद हुन्?  ","नेपाल अधिराज्य को संबिधान, २०१५"
"हाल नेपाल को संबिधान को भाग, धारा अनुसूची क्रमस कुन सहि छ ?  "," ३५ भाग , ३०८ धारा ,९ अनुसूची"
"संसारकै सबै भन्दा अग्लो मुर्ति Spring Temple Buddha, China को उचाई कति छ ?  ",128 M
Western Development Region मा कती ओटा अञ्चल छन् ?  ,3
मुन्धुप कुन जतिको पवित्र धार्मिक ग्रन्थ हो ?  ,किरात
जंगबहादुरले कहिले कास्की र लम्जुङ्को श्री-३ महाराजधिराजको पदवी पाएका थिए ?   , वि.स १९१२ श्रावण
सुगौली सन्धी कहिले भएको थियो ?  ,3 March 1816
Abraham Lincoln कहिले Illinois विधानसभामा Whig Party को तर्फबाट बिधायक बने र बिधानसभामा सो पार्टी को नेता चुनिए ?  ,1834 AD
राणाकालमा सर्व-साधारण जनताले पाउने उच्चतम पद के थियो ?  ,सुब्बा
"In order to run the national volunteer service campaign, when did the Government of Nepal establish the ‘Naya Nepal Nirman Kosh’ (New Nepal Building Fund)?  ","29 Magh, 2069"
महाभारत पर्वत को भिर हरु मा रहेको चट्टानमा सडेको झारपात हरु मिलेर बनेको माटो लाई के भनिन्छ ?  ,रातो फुस्रो माटो
अन्य माटोको तुलनामा जैविक अवशेस कुन माटो मा बडी पाईन्छ ?  ,पाँगो माटो र तलैया माटो
रेडियोको अविस्कार गर्ने Scientist  को थिए ?  ,Markoni
 World AIDS दिवस कहिले मनाइन्छ ?  ,December 5
Ronaldo is related with?  ,Football
१६ औँ निजामती सेवा दिवस- २०७६ को नारा के हो?  ,"‘सक्षम निजामती प्रशासन : विकास, समृद्धि र सुशासन’"
विश्व मधुमेह दिवस कहिले मनाइन्छ ?   ,नोभेम्बर १४
"१५६०० जना को क्षमता भएको क्रिकेट पार्क ""सबिना पार्क "" कहाँ पर्छ?   ","किंगस्टोन,  जमैका"
यदि तपाई 1 देखि 100 सम्म सवै अंक लेख्नुभयो भने कति पटक 3 लेख्नुहुन्छ??  ,20 पटक
हाल नेपाल को संबिधानमा अनुसार प्रत्येक नागरिक का कतिवटा कर्तब्य को   व्यवस्था गरिएको छ?  ,४ वटा
विश्वको सबै भन्दा गहिरो ठाउँ Mariana Trench कुन महासागरमा पर्दछ ?  ,Pacific Ocean
बिश्वकै सबैभन्दा लामो केबुल पुल कहाँ निर्माण गरिएको छ ? (जुन 1104 मिटर लामो छ)   ,रुस
च्छो रोल्पा ताल समुद्र सतहबाट कति मिटर उचाईमा अवस्थित छ ?  ,4580 M
लम्जुङ् र कास्की कसको नायबी कालमा एकीकृत नेपालमा मिलाइएको थियो ?  ,राजेन्द्र लक्ष्मी
पशुपतिनाथमा चादीका चार ढोका राख्न लगाउने प्रधानमन्त्री को हुन् ?  ,भीमसेन थापा
नेपालको ३८ औ प्रधानमन्त्री को हुन् ?  ,KP Oli
"""फिस्टे महाराज"" भनेर कसलाई चिनिन्छ ?  ",Chandra Shamsher
रंगोली बाट Morang जिल्लाको सदरमुकाम Biratnagar कहिले सारिएको हो ?  ,BS 1971
बजेटलाई कामको आधारमा पनि बर्गिकरण गर्ने व्यवस्था 	कहिले बाट गरिएको थियो ?  ,2019 BS
"भावर क्षेत्र, भित्रि मदेश र चुरे पहाड क्षेत्रमा कुन प्रकार को माटो पाईन्छ?   ",बलौटे माटो
सोयाबिन (भटमास) को तेल नेपाल मा कुन दुई मुलुक बाट आयात हुन्छ ?  ,Brazil and Argentina
दिएको मध्ये कुन चरा कानुनी प्रक्रिया द्वारा संरक्षण गरिएको छ ?  ,कालो काग
Parsa वन्यजन्तु आराक्ष्य क्षेत्रको क्षेत्रफल कति रहेको छ ?  ,499 Sq. KM
 अन्तराष्ट्रिय ओजोन तह संरक्षण दिवस कहिले मनाईन्छ ?  ,September 16
योगशास्त्रका प्रवर्तक को हुन् ?  ,पतञ्जली
"४००० दर्शक अटाउने क्षमता भएको ""ANFA Complex "" कुन देशको सहयोग मा निर्माण भएको हो?  ", FIFA's Goal Project
हाल नेपाल को संबिधानमा कतिवटा संबैधानिक आयोगहरुको  व्यवस्था गरिएको छ?  ,१३ वटा
नेपाल सम्म नेपाल मा कतिवटा संबिधान जारी भैसकेका छन् ?   ,  ७ वटा
Which is the Capital of Cuba?  ,Havana
"पाकिस्थान को उत्तर-पश्चिम क्षेत्रको प्रमुख सहर कुन हो, जसलाई तलिबनको बाहुल्य रहेको सहरको रुपमा पनि चिनिन्छ ?  ",Peshawar
चन्द्रमाले पृथ्वीलाई १ परिक्रमा लगाउन कती समय लाग्छ ?  ,27 Days 8 Hrs
"""समय को तस्बिर"" नामक निबन्ध संग्रहकी लेखीका को हुन् ?  ",सारदा शर्मा
"""आदि कवि"" भनेर कसलाई चिनिन्छ ?  ",Bhanubhakta Acharya
सुमेरियन हरु कुन देवता लाई आफ्नो प्रमुख देवता मान्थे?  ,सुर्य र चन्द्रमा
"निजामती सेवामा ""सचिव"" मा बढुवा हुन कम्तिमा कति वर्ष सह-सचिब हुनुपर्ने नियम छ ?  ",5
Where was Socrates born?  ,"Athens, Greece"
जनाअन्दोलन - २ का प्रथम सहिद को हुन् ?  ,Umesh Chandra Thapa
नेपालका सरकारी कार्यालय तथा चमेना गृह लाई कहिले देखि बालश्रम मुक्त गरिएको हो ?  ,2070 Jestha 29
नेपाली अर्थतन्त्रमा मुख्य अन्न बाली धानले कति प्रतिसत योगदान दिन्छ ? (Data 2070 BS)  ,7 %
नेपाल सरकारले ट्रेजरी बिलको निस्कासन कहिले बाट गरेको थियो ?  ,BS 2018
वायुमण्डलिय चाप नपने येन्त्रलाई के भनिन्छ ?  ,Barometre
ASEAN  मा पाकिस्तान कहिले प्रवेश गरेको थियो ?  ,सन् २००४ जूलाई
Which of the following is not an Input Device in Computer?  ,Speaker
नेपालमा पहरी जातिको मुख्य बसोबास कहाँ रहेको छ ?  ,काभ्रेपलाञ्चोक
१३औँ दक्षिण एसियाली खेलकुद (साग) मा कति खेल संग्लन छन् ?  , २७
सर्बोच्च अदालत मा प्रधान न्यायाधीश का अतिरिक्त कतिजना न्यायाधीश रहन्छ ?   ,२० जना
Seti अञ्चलमा पर्ने जिल्ला कुन हो ?  ,Achham
सौर्य परिवारका 8 ओटा ग्रहका कति ओटा उपग्रह हरु छन् ?  ,172
कर्णाली अञ्चलमा नपर्ने जिल्ला कुन हो ?  ,Bajura
What is Gautam Buddha's fathers name?  ,Suddhodana
सन् २०१५ अगस्ट २७ मा ' युईएफ सर्वश्रेष्ट फुटबलर ' को घोषित भएका छन् ?  ,Leo messi
राष्ट्रिय युवा कोषको २०७० सालको नारायणगोपाल सांगीतिक पुरस्कार प्राप्त गर्ने कुन चर्चित युवा गायक हुन् ? पुरस्कारको राशी रु ४०००० रहेको थियो।  ,Shiva Pariyar
अरस्तु (Aristotle) को जन्म कहिले भएको थियो?  ,ईसापूर्व ३८४
महात्मा गान्धीको जन्म कहाँ भएको थियो ?  ,भारतको गुजरात राज्य
कुनै पनि व्यक्ति न त सोइच्छा ले खराब हुन्छ न त अनिच्छा ले असल हुन्छ। यो विचार कसको हो ?  ,Socrates
What is the amount of Nobel Peace Prize?  ,12 Million Dollar
बिश्व व्यापार संगठन (WTO) क प्रमुख अंगहरु कति वटा छन् ?   ,4
दशौ पन्च बर्षिय योजना कहिले देखि सुरु भएको हो ?  ,2059 BS
Who is known as the father of Aerodynamics?  ,George Cayley
नेपालमा लोप हुन लागेको जंगली भैसी कुन आरक्षमा पाइन्छ ?  ,कोशीटप्पू वन्यजन्तु आरक्ष
सन् २०१३ को ८६ औ ओस्कार अवार्ड कुन चलचित्रलाई प्रदान गरिएको थियो ?  ,Twelve years a slave
९ औ राष्ट्रिय खेलकुद प्रतियोगिता - २०७७  कुन प्रदेश मा आयोजना हुदैछ?    ,गण्डकी प्रदेश
२१ मर्चको दिनलाई वसन्त सम्पात भनिन्छ भने २३ सेप्टेम्बरको दिनलाई के भनिन्छ ?  ,शारद सम्पात
नेपाल विद्युत् प्राधिकरणले काठमाडौँ उपत्यकाका मुख्य सहरी क्षेत्रमा बिजुलीका तार भूमिगत गर्ने कार्य कहिलेदेखि सुरु गर्ने निर्णय गरेको छ ?   ,विसं २०७६ पुस
'Royal Gift of People'  नेपालको कुन संबिधान लाई चिनिन्छ ?  ,अधिराज्य को संबिधान २०१५
Narayani अञ्चलमा कती ओटा जिल्लाहरु छन् ?  ,5
Banke जिल्लाको सदरमुकाम कुन हो ?  ,Nepalgunj
सुर्य र पृथ्वी बिचको दुरी कति रहेको अनुमान गरिएको छ ?  ,१४ करोड ८८ लाख KM
Which is the real name of Janak?  ,Shiridhoj
Prithvi Narayan Shah ले बनाएको नुवाकोट दरबार कति तलाको छ ?  ,7
चाणक्य मौर्य सम्राट चन्द्र गुप्तको को थिए ?  ,राजगुरु
नेपालमा सर्वप्रथम लोक सेवा आयोग को गठन कहिले भएको हो ?  ,२००८
"""अन्तआत्माले जे भन्दछ त्यही सत्य हो "" यो कसको भनाइ हो ?  ",महात्मा गान्धी
नेपालको प्रथम निर्बाचित संसद को सभामुख को थिए ?  ,Krishna Prasad Bhattarai
"नेपालमा हालसम्म निजी क्षेत्रबाट उत्पादित सबैभन्दा ठुलो जलबिधुत परियोजना खिम्ती आयोजना हो भने,यसले कति मेगावाट विधुत उत्पादन गर्न सक्छ ?  ",६०
अठारौ सार्क शिहर सम्मेलनले सन् २०१६ लाई कुन सार्क वर्षका रुपमा मनाउने निर्णय गरेको छ ?  ,सार्क सांस्कृतिक सम्पदा बर्ष
 BIPPA सम्झौता 2068 कार्तिक 4 मा नेपालको तर्फबाट कसले हस्ताक्षर गरेका थिए ?  ,Anilkumar Jha
Tiger Woods is related with which game?  ,Golf
Shivapuri राष्ट्रिय निकुञ्जको क्षेत्रफल कति रहेको छ ?  ,144 Sq. KM
मानव सरिर मा सबै भन्दा ठुलो ग्रन्थी कुन हो ?  ,कलेजो
"""Nepal visit year 2020"" सरकार ले कति पर्यटक भित्राउने लक्ष्य लिएको छ?  ",२५ लाख
सबै भन्दा लामो दिन कुन हो ?  ,21st June
Central Development Region  को सदरमुकाम कुन हो ?  ,Kathmandu
तलको कुन चाहिँ नदि कर्णाली नदीका सात सहायक नदीको समुहमा पर्दैन ?  ,चमेलिया
सिरुवा पर्व नेपालको कुन क्षेत्रमा मनाईन्छ ?  ,तराई प्रदेस
२००७ सालको प्रजातन्त्र पछि गठन भएको मन्त्रिमण्डल को अर्थमन्त्री को भए ?  ,सुवर्ण समशेर
"गौतम बुद्धको जन्म ,ज्ञान प्राप्त , र देह्त्याग एकै दिन भएको थियो ? उक्त दिन कुन हो ?  ",बैशाख पुर्णिमा
आत्मा अमर छ जसका लागी दु:ख प्रकट गर्नु ब्यर्थ छ र संचारीत्रिक व्यक्तिका लागि परलोक मा पनि आनन्द छ। यो भनाइ कसको हो?  ,Socrates
नेपालको संबिधान २०७२ जारी भए पछि को प्रधानमन्त्री को रुपमा निर्वाचित हुनु भएको थियो ?  ,KP Oli
कौटिल्यको अर्थशास्त्र कति शीर्षकमा तयार पारिएको हो?  ,15
United Nations को आब्वाहन अनुसार विश्वभर अन्तराष्ट्रिय आप्रवासन दिवस कती तारिख मा मनाइन्छ ?  ,December 18
नेपालको कुन ठाउँमा अन्तराष्ट्रिय पर्वतिय संग्राहलय रहेको छ ?  ,Pokhara
दीक्षान्त समारोहका दिन विद्यार्थीले लगाउने चारकुन्ने टोपीलाई के भनिन्छ ?  ,Mortarboard
पहिलो पटकATM प्रयोगमा  बैंक कुन हो ?  ,हिमालयन बैंक
नेपाल र म्यानमारबीच पर्यटन र संस्कृतिका क्षेत्रमा सहकार्य गर्नेसम्बन्धी समझदारीपत्रमा कहिले हस्ताक्षर भएको हो ?   ,सन् २०१९ अक्टोबर १७
.एउटा पसले केहि सामान रु 5/6 मा किनेर 6/5 मा वेच्यो भने कति % नाफा पायो होला??  ,44%
"""Live"" started a business investing Rs. 45000. After 3 months, ""Event"" joined him with a capital of Rs. 60000. After another 6 months, ""Offer"" joined them with a capital of Rs. 90000. At the end of the year, they made a profit of Rs. 20000. What would be ""Offer's share in it?  ","Rs 4000 Answer: Option D  Explanation:  Just take care of the months of investment, rest all will be simple.  Yogesh:Pranab:Atul = 45000*12:60000*9:90000*3 = 2:2:1 Atul's share = Rs. 20000 * (1/5) = Rs. 4000"
हाल नेपाल को संबिधानमा अनुसार संघिय व्यबस्थापिका को कुल सदस्य संख्या कति हुन्छ ?  ,२७५
विश्वको सबै भन्दा उचाई मा रहेको तिलिचो ताल (Tilicho Lake) कुन देशमा पर्दछ ?  ,Nepal
Humla जिल्लाको सदरमुकाम कुन हो ?  ,Simikot
"12 बण्डाल ,18 खण्डालको जिल्ला कुन हो ?  ",Surkhet
तामाङहरुले कुन दिन गर्ने पूजालाई ‘नारो’ भनिन्छ ?  ,श्रावण पूर्णिमा
राजा Louis XIV को मृत्यु कहिले भयो ?  ,1715 AD
प्राचिनकालमा बिकसित भएको हरप्पा र मोहन जोडदाको सभ्यतालाई के नाम ले चिनिन्छ?  ,सिन्धुघाँटीको सभ्यता
अहिंसाको एक प्रमुख मध्यम के हो ?  ,प्रेम
आगामी १९ औं सार्क शिखर सम्मेलन कहिले र कहाँ हुनेछ  ,"Islamabad, Pakistan"
मकवानपुर विजय कहिले भयो ?  ,१८१९ भाद्र ९
"फलामको मात्रा, चुन, Nitrogen, Phosphorus जस्ता खनिज तत्तो पनि कम हुने माटो कुन हो?  ",रातो फुस्रो माटो
वन जंगल र बिसेस गरि साल को रुख को लागि उपयुक्त माटो कुन हो ?  ,बलौटे पत्थरिलो माटो
How many permanent members are there in security council of U.N.O.?  ,5
सबै भन्दा धेरै Uranium उत्पादन गर्ने देश कुन हो ?  ,Canada
प्रसिद्ध वैज्ञानिक आइन्सटाइनले कुन देशको राष्ट्रपति बन्ने प्रस्तावलाई इन्कार गरेका थिए ?  ,इजरायल
"""ट्रकोमा"" रोग सरिरको कुन भागमा लाग्दछ ?  ",आखा
कहिले देखि महिला ले आधुनिक ओलम्पिक खेल  मा सहभागिता जनाउदै आएका हुन्?  , सन् १९००
वि.सं. २०७४ मा प्रदान गरिएको बसुन्धारा श्री पुरस्कारबाट सम्मानित हुने स्रष्टा को हुन् ?  ,प्रा.डा. तारानाथ शर्मा
"श्रीप्रकाश ,राम उग्रसिंह,रघुनाथ सिंह जस्ता संबिधान बिशेषज्ञ झिकाएर बनाएको संबिधान कुन हो?  ","नेपाल सरकार को बैधानिक कानुन, २००४"
हाल नेपाल को संबिधानमा कतिवटा मौलिक हकहरुको व्यवस्था गरिएको छ?   , ३१ वटा
गौरीशंकर हिमाल कुन हिम शृंखला अन्तर्गत पर्दछ ?  ,रोल्वालिंग
Which is the biggest Planet?  ,Jupiter
Who is the last Malla Ruler of Bhaktapur?  ,Ranajit Malla
सिद्धार्थ गौतम (भगवान बुद्ध) को श्रीमतीको नाम के हो ?  ,यसोधरा
भगवान Gautam Buddha को जन्म नेपालको कुन ठाउमा भएको हो ?  ,Lumbini
गण्डकी सम्जौता कहिले भयो ?  ,२०१६ मंसिर १८
कौटिल्यको अर्थशास्त्रमा अर्थशास्त्रको परिचय परिचयको साथै दिईएका कुन बिषयमा गहन बिबेचना गरिएको थियो?  ,सबै उत्तर ठिक छन्
देहायका मध्ये विकेन्द्रीकारण विसेस्ता केलाई भनिन्छ ?  ,माथिका सबै
निजीकरणका लागि दबाब दिने तत्व कुन हो ?  ,माथिका सबै
हाल नेपालको सबैभन्दा बढी मात्रामा निर्यात हुने बस्तु कुन हो ? (Till the data of 2014)  ,बनष्पति घ्यु
बेलायतमा निजीकरण गरिएको पहिलो सस्थान कुन हो ?  ,ब्रिटिस पेट्रोलीयम निगम
 लहरेखोकी रोगको सङ्क्रमणकाल कति दिन हुन्छ ?  ,७-१४
सन् २०१४ को FIFA विश्वकप बिजेता राष्ट्र जर्मनीले कुन राष्ट्रलाई हराएर बिजेता भएको थियो ?  ,Argentina
भेडामा नस्ल सुधारका उपाय पत्ता लगाउने बैज्ञानिक को हुन् ?  ,रबर्टवेक बेल
प्यासिफिक एसिया ट्राभल एसोसिएसन (पाटा) द्वारा सन् २०१९ अक्टोबरमा सार्वजनिक तथ्याङ्कअनुसार पर्यटक वृद्धिदरमा एसिया प्रशान्त क्षेत्रमा पहिलो स्थानमा रहन सफल राष्ट्र कुन हो ?  ,नेपाल
नेपाल भारत संयुक्त आयोगको बैठकमा सहभागी भारतीय विदेशमन्त्री एसजयशंकर दुइ दिने  काठमाडौँ भ्रमणमा कहिले आएका थिए?  ,२०७६ भाद्र ४
नाम्चे बजार र नेपालगंजको मिल्ने कुरा के हो ?  ,अक्षांश
Singapore के का लागी प्रसिद्ध छ ?  ,व्यापार
व्यक्तिको सम्पूर्ण आम्दानी माथि लगाइने कर लाई के भनिन्थ्यो ? (17th Cuntury French Revolution Time))  ,भिनतेम्स
France मा कुन कुन धर्मावलम्बी हरुको बसोबास थियो? (Around 17th Century)  ,सबै उत्तर ठिक  छन्
राणाकालमा ग्राम प्रसासनअन्तर्गत के के पर्दथे ?  ,माथिका सबै
नेपालमा वडापत्रको प्रयोग कहिलेदेखि भएको थियो ?  ,२०५३
Credit कार्ड प्रयोगमा ल्याउँने नेपालको पहिलो बैँक कुन हो ?  ,Himalayan Bank
नेपालमा कृषि गणना कति कति वर्षमा गरिन्छ ?  ,10 / 10
कृषिमा पशु क्षेत्रको योगदान कति प्रतिसद रहेको छ ?  ,२८ %
"""रुपाबाहिनी"" कुन देशको Tv channel हो ?  ",SRILANKA
पौष्टिक पदार्थ कती प्रकारका हुन्छन ?  ,6 प्रकार
Which is the tallest animal in the world?  ,Giraffe
नेपाल मा कतिवटा उप -महानगरपालिका छन् ?  ,११
"On selling 17 balls at Rs. 720, there is a loss equal to the cost price of 5 balls. The cost price of a ball is  ",60
Coffee खेतीको लागी नेपालको प्रसिद्ध जिल्ला कुन हो ?  ,Gulmi
Superior Lake कुन महादेशमा पर्दछ ?  ,North America
पृथ्वीको सतह माथि वायु कति KM टाढा सम्म फैलिएको छ ?  ,960 KM
निजामती कर्मचारीलाई पेन्सन दिने प्रचलन कसले सुरु गरेका हुन् ?  ,Juddha Shumsher
"""मोह"" उपन्यास लेखक कुन गैरनेपाली श्रस्टा हुन ?  ",विकलचन्द्र आचार्य
रामशाह कहिले गोर्खाका राजा भएका थिए ?  ,वि.स.१६६३
नेपालमा मन्त्रालयहरुको संख्या कति हुने भनेर निर्णय कसले गर्छ ?  ,नेपाल सरकार
कार्ल मार्क्सको मिर्त्यु कहिले भएको थियो   ,१९८३ मार्च १४
सर्वप्रथम Civil Society सव्दको प्रयोग गर्ने व्यक्ती को को हुन् ?  ,सिसरो
Monopsony भन्नाले के बुझिन्छ?  ,क्रेता एकाधिकार
कहिले देखि नेपालमा साधारण र विकास बजेट फरक गरिएको हो ?  ,वि. स. २०१८ साल
""" Purple Haze "" गाजा नेपालको कुन जिल्ला मा मात्र पाइने गर्छ ?  ",सोलुखुम्बु
मान्छेको मुटुको सरदार तौल कति हुन्छ ?  ,300 Gram
धेरै पानीको मात्रा भएको फल कुन हो ?  ,खरभुजा
Missy Franklin is related with?  ,Swimming
सर्वोच्च अदालतले अनलाइन तारेख सेवा कहिलेदेखि सुरु गरेको हो ?  ,वि.सं. २०७१ मङ्सिर १४
मदन  पुरस्कार २०७६ कुन कृतिलाई  प्रदान गरीयो?  ,रणहार
३२ औ गृष्मकालीन ओलम्पिक खेल कहाँ  हुदैछ?   ,जापान (सन् २०२०)
हाल नेपाल को संबिधानमा अनुसार कतिवटा राज्यका निर्देशक  सिद्धान्त  व्यवस्था गरिएको छ?  , ४ वटा
उच्च हिमाल हरुको देश भनेर कुनलाई चिनिन्छ ?  ,Nepal
"Which Continent is called ""Dark Continent"" ?  ",Africa
रोम सहर कुन नदीको किनारमा रहेको छ?  ,टाईबर नदि
नेपाली भाषा द्वारा सबै नेपाली लाई एकतामा आबद्ध गर्ने काम कसको हो ?  ,आदि कवि भानुभक्त आचार्य
शखघर सख्वाको मूल पेस कुन हो ?  ,व्यापार
2013 AD December 10 मा फाँसी दिईएका ६५ बर्षिय Abdul Quader Molla कुन SAARC राष्ट्रका कट्टरपन्थी इस्लामिक नेता हुन् ?  ,Bangladesh
महात्मा गान्धीको जन्म कहिले भएको थियो ?  ,1869 AD
राणाकालमा नेपाललाई कति प्रसासनिक क्षेत्रमा बिभाजन गरिएको थियो ?  ,9
नेपालमा सहकारी बैंकको स्थापना कहिले भएको थियो ?        ,२०२०
नेपालको सबै भन्दा ठुलो भन्सार नाका कुन हो ?  ,Birgunj
Baikuntha Manandhar is related with which sport?   ,Athletics
बंगलादेशको  सरकारी  विमान सेवालाई के भनिन्छ ?  ,Biman
पौष्टिक पदार्थ कति प्रकारका हुन्छन ?  ,6
इस्लामिक स्टेटका प्रमुख अबु बकर अल बग्दादी कहिले मारिए ?  ,"अक्टोबर २६,२०१९"
पहिलो पटक Internet Banking प्रयोगमा ल्याउने बैंक कुन हो ?  ,कुमारी बैंक
Parsa जिल्लाको सदरमुकाम कुन हो ?  ,Birgunj
सबैभन्दा बढी देश भएको महादेश कुन हो ?  ,अफ्रीका
लाटोकोसेरो लाई के को प्रतिक मानिन्छ ?  ,बुद्धि
 पशुपति नाथलाई मुख______  का दिन मुकुट लगाइ दिने चलन छ।  ,अष्टमी
राजा त्रिभुवनको जन्म कहिले भएको हो ?  ,वि.स. १९६३ अषाढ १७
"चाणक्यका अनुसार राजाले बुद्धिमान, अनुभवी, र विश्वास पात्र मान्छे लाई के मा नियुक्ति गर्नु पर्छ भनेका छन् ?  ",अमात्य
When was Socrates born?  ,469 BC
नेपाल आयल निगमले ब्यापारिक प्रयोजन र घरायसी प्रयोजनको लागि छुट्टा छुट्टै रंगको ग्यास सिलिण्डर कहिले प्रचलनमा ल्याएको हो ?  ,2070 Asar 1
नेपालमा धितोपत्र कारोबार कहिले बाट सुरु भएको थियो ?  ,BS 2050 Poush
When was Chitwan National Park listed in World Heritage Site?  ,1984 AD
सन् २०१० अप्रील १२ र १३ मा सम्पन्न Nuclear Summit 2010 कहाँ भएको थियो ?  ,"Washington DC, USA"
काठमाडौँ उपत्यका बाट दैनिक 650 Metric Ton फोहोर उत्पादन हुन्छ । यस मध्ये काठमाडौँ उपत्यका का अस्पताल बाट कति प्रतिसत फोहर निस्किन्छ ? (According to data of 2013 AD)  ,15 %
सात गीतिएल्बम एकसाथ सार्वजनिक गरी रेकर्ड कायम गर्ने स्रष्टा को हुन् ?  ,डा. डीआर उपाध्याय
नेपाल मा कतिवटा गाउँ पालिका छन् ?   , ४६०
नेपाल मा सबै भन्दा धेरै कुन धर्मबलम्बि हरु छन् ?  ,Hindu
पृथ्वीमा सबै भन्दा उच्च भागको उचाई कती छ ?  ,8848 M
Nuwakot जिल्लाको सदरमुकाम कुन हो ?  ,Bidur
शीतला रोग लागेर मर्ने नेपालका राजा को हुन् ?  , गिर्वाणयुद्ध विक्रम शाह
धान नाच कुन जातिमा प्रचलित नाच हो ?  ,Limbu
"""हिटलर र यहुदी""  कृतिका लेखक को हुन् ?   ",वि.पी. कोइराला
बेलायेती राजपरिवारको कुन सदस्यले 2016 Feb. मा नेपाल भ्रमण गरेका थिए ?  ,Prince Henry (Harry)
नेपाल भुमि सुधार कार्यक्रम कहिले लागु भयो ?  ,वि.स.२०२१
राष्ट्रिय महिला स्वास्थ्य स्वयंसेविका दिवस कहिले मनाईन्छ ?  ,Dec 5
नेपाल बिकाश मंच (NDF) को गठन कहिले भएको हो ?  ,2000 AD
सगरमाथा सोर्ण महोत्सवको आयोजना कहिले गरिएको थियो ?        ,सन् २००३
ग्यालिलियोको जन्म कहिले भएको थियो ?  ,सन् १५६४ फेब्रअरी १५  मा
COP15 के संग सम्बन्धित छ ?  ,जलवायु परिवर्तन
न्युरोन कती प्रकारका हुन्छन ?  ,2 प्रकार
पहिलो पटक Credit Card प्रयोगमा  बैंक कुन हो ?  ,नबिल बैंक
 संयुक्त राज्य अमेरिकाले जलवायु परिवर्तनसम्बन्धी पेरिस सम्झौताबाट अलग्गिएको जानकारी संयुक्त राष्ट्रसङ्घलाई औपचारिक रूपमा कहिले गरायो ?  , सन् २०१९ नोभेम्वर ४
"नेपाल को संबिधान अनुसार ,संबिधान को पालना गर्नु,,,,,,,,,,,,,,,,,,,,,,, कर्तव्य हुनेछ ।  ",प्रत्येक ब्यक्तिको
ऋणमोक्ष दह कहाँ पर्छ ?  ,मुगु
हिमाली प्रदेशमा कति ओटा जिल्लाहरु पर्दछ ?  ,16
भद्राधिवास कुन कालमा बनेको हो ?  ,Licchavi काल
गौतम बुद्धले आफ्नो उपदेशहरुको बारेमा कति समयसम्म ठाउँ ठाउमा प्रचार गरेका थिए ?  ,४५ वर्ष
1498 AD मा Vasco da Gama कहाँ आई पुगेका थिए?  ,India
अरस्तुका पिता निकोमेसस अरस्तुलाई के बनाउन चाहन्थे?  ,चिकित्सक
कौटिल्य ले राजा लाई के भनेका छन्?  ,राज्यका स्वामी
United Nations बाट सबै आप्रवासी कामदार तथा तिनीहरुको परिवारको सदस्यको अधिकार सम्बन्धि अन्तराष्ट्रिय महासन्धि कुन वर्ष को December 18 तारिख मा पारित भएको थियो ? त्यस पश्चात December 18 लाई अन्तराष्ट्रिय आप्रवासन दिवस मनाउन थालिएको हो ?  ,1990 AD
How many members are there in security council of U.N.O.? (including temporary and permanent)  ,15
नेपालमा औद्योगिक नीति कहिले देखि सुरु भएको हो ?  ,1958 AD
शरीरमा कति प्रकारका रक्तनलीहरु हुन्छन ?  ,३
HIV AIDS सर्वप्रथम कहाँ देखा परेको थियो ।  ,United States of America
SAARC सचिवालयको उद्घाटन कसले गरेका हुन् ?  ,King Birendra
नेपाललाई खुला दिसामुक्त राष्ट्र कहिले घोषणा गरिएको हो ?  ,विसं २०७६ असोज १३
१३औ सग गमे- २०१९(काठमाडौँ -पोखरा) कति पदक वितरण गरिने भएको छ ?   ,१११५
The percentage profit earned by selling an article for Rs. 1920 is equal to the percentage loss incurred by selling the same article for Rs. 1280. At what price should the article be sold to make 25% profit?  ,Rs. 2000
How many districts are there in eastern development region of Nepal?  ,16
Far Western Development Region मा पर्ने जिल्ला कुन हो ?  ,Baitadi
सबै भन्दा धेरै गजुर भएको मन्दिर कुन हो?  ,"Krishna Mandir, Patan"
Who is the writer of the book The kingdom in the Himalayas - Nepal?  ,Toni Hagen
Which two Nepali got VC on First World War?  ,Kulbir Thapa & Karna Bdr. Thapa
राज्यकालको सुरुमा आफ्नो ज्वाईलाई राज्य सुम्पी गुरुको पछि लाग्ने राजा को हुन ?  ,शिवदेव प्रथम
माओको नेतृतवमा Army of the chines Workers and peasents  कहिले गठन गरियो ?  ,सन् १९२८
बिष्णुगुप्त कसको वास्तविक नाम हो ?  ,चाणक्य
""" प्रेम नै सबै समस्याको समाधान हो "" यो कसको भनाइ हो ?  ",टाल्सटाय
विशव व्यापार संगठनको पहिलो मन्त्रिस्त्रिय बैठक कहाँ भएको थियो ?  ,सिंगापुर
"With the slogan ‘Ek ghar ek charpi, najikai dhara, disamukta desh banaun lagi paraun sara’ (One house one latrine, tap nearby, let’s make open defecation free nation; let’s all strive’, when was the thirteenth national sanitation week organized?  ","23-29 Jestha, 2069"
पुर्वान्चल ग्रामिण बैंक को स्थापना कहिले भएको थियो ?  ,BS 2050
When did FIFA World Cup Trophy arrived in Nepal?  ,2070 BS Poush 6
माल्दिव्सको  सरकारी  विमान सेवालाई के भनिन्छ ?  ,Maldives International airways
Koshitappu वन्यजन्तु आराक्ष्य क्षेत्रको क्षेत्रफल कति रहेको छ ?  ,175 Sq. KM
आठौँ राष्ट्रिय कर दिवस (२०७६) को नारा के हो ?  ,"""स्वच्छ कर प्रशासन :विकास र सुशासन"""
बङ्गलादेशका राष्ट्रपति मोहम्मद अब्दुल हमिद नेपालको चारदिने औपचारिक भ्रमणका सन्र्दभमा कहिले नेपाल आउनुभएको हो ?   ,विसं २०७६ कात्तिक २६
विश्व को सबैभन्दा पहिलो र  छोटो  लिखित  संबिधान कुन हो?  ," अमेरिकाको संबिधान सेप्तेम्बेर १७, १७८७"
नेपालको भुकम्प पिडित लाई उद्धार गर्न आएको कुन देश को सैनिक जहाज दुर्घटनामा परेको थियो ?  ,America
संसारको सबै भन्दा ठुलो बरन्डा कुनलाई मानिन्छ?  ,रामेशोरम मन्दिर India
नेपालमा सरदर बार्षिक बर्षा कति हुन्छ ?   ,करिब २५० अर्ब घनमिटर
नेपालमा सर्बप्रथम रेडियो सेट राख्ने को हुन् ?  ,Juddha Shamsher
भगवान Gautam Buddha को जन्म भएको कति दिनमा उनको आमाको मृत्यु भएको थियो?  ,५ दिन
Confucius धर्मको उदय कहाँ भएको थियो?  ,China
महान दार्सनिक Confucius को मृत्यु कहिले भएको थियो ?  ,ईसापुर्व ४७९
महात्मा गान्धीको हत्या कहिले भयो ?    ,सन् १९४८ जनवरी ३०
नौं सय मेगावाट क्षमताको अरुण तेस्रो जलविद्दुत आयोजना निर्माणका लागि भारतिय कम्पनी सतलज जलविद्दुत निगमसँग परियोजना विकास सम्झौता कहिले भएको थियो ?  ,2071 Mangshir 9
सन् २०१५ को Cricket विश्वकप मा कुन देशलाई हराएर अस्ट्रेलिया ले विश्वकप जितेको थियो ?  ,New Zealand
सरकारले इबोला संकमित बिरामीको उपचारमा संलग्न नेपाली स्वास्थ्यकर्मीलाई इबोला संक्रमण भई मृत्यु भएमा आश्रित परिवारलाई क्षतिपूर्तिस्वस्प कति रकम उपलब्ध गराउने व्यवस्था गरेको छ ?  ,25 Lakh
उखु खेतिका लागि कुन प्रकारको माटो उपयुक्त हुन्छ ?  ,दोमट माटो
अमेरिकाका पहिलो राष्ट्रपति जर्ज वासिङ्टन  ले आफ्ना सैनिक संग खेलेको खेल कुन हो?  ,Rounder/Baseball
तल दिएको मध्य कुन जिल्ला सगरमाथा अञ्चलमा पर्दैन ?  ,Sarlahi
Mid-Western Development Region मा कति ओटा अञ्चल छन् ?  ,3
कुन ग्रहमा वायुमण्डल छैन ?  ,Mercury
"सर्वप्रथम नेपालमा "" राहादानीको "" व्यवस्था कसको पालामा भएको थियो ?  ",भिमसेन थापा
शिवदेव प्रथमका जेष्ठ सुपुत्र अंशुवर्माको मृत्यपश्चात राजगुद्दीमा आशिन भै महाराजधिराज पदवी धारण गर्ने को हुन ?  ,उद्यदेव
हिन्दु धर्मअनुसार बुद्धलाई बिष्णुका दश अबतारमध्ये कति औ अबतार मानिन्छ ?  ,९
Who shifted Durbar High School from Thapathali Durbar to Charburja Durbar to Seto durbar and then to Narayanhity Durbar and opened for high class government officers as well?  ,Ranodip Singh Kunwar Rana
Abraham Lincoln ले कहिले देखि वकालती पेशा सुरु गरेका थिए ?  ,1836 AD
सिहदरबारको सिलान्यास कसबाट भएको थियो ?  ,Chandrasamser
क्यारेट शब्द कुन बस्तु संग प्रयोग हुन्छ ?  ,सुन
कृषि उत्पादन को लागि उतम माटो कुन हो ?  ,पाँगो माटो तथा तलैया माटो
What is the full form of WWW?  ,World Wide Web
Silly Point कुन खेलमा प्रयोग गरिने शब्द हो ?  ,Cricket
नेपाल विज्ञान तथा प्रविधि प्रज्ञाप्रतिष्ठान (नास्ट) ले विदेशमा रहेका नेपाली वैज्ञानिकको ज्ञान र सीपलाई स्वदेशमा सदुपयोग गर्ने उद्देश्यसाथ सञ्चालन गर्न थालेको कार्यक्रम कुन हो ?   ,ब्रेन पुलिङ
नेपालको तराई क्षेत्रमा कुन माटो पाईएको छ ?  ,पागो माटो
Lumbini अञ्चलमा कती ओटा जिल्लाहरु छन् ?  ,6
Bhajhang जिल्लाको सदरमुकाम कुन हो ?  ,Chainpur
मैथीली भाषाको पहिलो साहीत्यक कृति कुन हो ?   , ममाघर
पासांङ् चुलिको उचाई कति मिटर रहेको छ ?  ,७३५१ मि
व्यवस्थापिका संसद हुन कति वर्ष उमेर पुरा भएको हुनुपर्दछ ?  ,२५
न्याय परिसदमा जम्मा कतिजाना सदस्यहरु रहन्छन ?  ,५
बाराक ओबामा अमेरिकाको कति औ रास्ट्रपति हुन् ?  ,56
नेपाल सरकारले नागरिक बचत पत्र कहिले बाट प्रयोग मा ल्याएको हो ?  ,BS 2058
आन्तरकि हवाई यात्रु ले तिर्दै आएको विमानस्थल प्रयोग शुल्क (Airport Tax) कहिले देखी मुलुकभर टिकटमै समाबेश गरिएको हो ?  ,"Magh 1, 2070 BS"
अन्य माटोको तुलनामा जैविक अवशेस कुन माटो मा कम पाईन्छ ?   ,बलौटे पत्थरिलो माटो
Who is the inventor of typewriter machine?  ,Christopher Latham Sholes
यौवन अवस्था कति वर्षदेखि सुरु हुन्छ ?  ,१३
प्रधानमन्त्री स्वदेश वा विदेश भ्रमणमा रहेको अवस्थामा समेत भिडियो कन्फ्रेन्सिङलगायतका सूचना प्रविधिको प्रयोग गरेर मन्त्रिपरिषद्को बैठक बस्न सक्ने व्यवस्था कहिले गरिएको हो ?  ,विसं २०७६ भदौ ४
 नेपाल संयुक्त राष्ट्र संघ को आर्थिक तथा सामाजिक परिषद को कति पटक सदस्य भएको छ ?  ,३ पटक
भोटमा मूल भएका नेपालका नदीहरु कति वोटा छन् ?  ,6
Which is the smallest and biggest district in Nepal?  ,Bhaktapur & Dolpa
नेपलको पहिलो प्रधानमन्त्री कसलाई मानिन्छ ?  ,भिमसेन थापा
गौरवमय क्रान्ति (Glorious Revolution) को समयमा बेलायत का राजा को थिए ?  ,James II
कौटिल्य को अर्थशास्त्रमा कती श्लोक हरू रहेका छन् ?   ,6000
Who established Durbar High School and started schooling from his Palace?  ,Jung Bahadur Kunwar Rana
अन्तराष्ट्रिय मुद्रा कोषको [प्रधान कार्यालय कहाँ छ ?  ,वसिङटन डी.सी
उपभोक्ता माथि सिधै लगाइने कारलाई के भनिन्छ ?  ,प्रत्यक्ष कर
माइती नेपाल कुन कामको लागि बढी प्रख्यात छ ?  ,चेली-बेटी बेचबिखनमा रोकथाम
What is the name of the aircraft sent by America for the research in Jupiter?  ,Pioneer 10
अविष्कार केन्द्र को स्थापना कहिले भएको हो ?  , बि स २०७६ कार्तिक १
सर्बप्रथम कुन 'अफ्रिकी देश' वोर्ल्ड कप फूटबल का लागि छनोट भएको थियो?   ,इजिप्ट
How many districts are there in Koshi Zone?  ,6
Dadeldhura जिल्लाको सदरमुकाम कुन हो ?  ,Dadeldhura
क्षेत्रफल को आधार मा सबै भन्दा ठुलो देश कुन हो ?  ,Russia
समुद्री सतहबाट सगरमाथाको उचाइ पत्ता लगाउने देश कुन हो??  ,Italy
शेर्पाहरुले लगाउने छालाको घुडा सम्म आउने जुत्तालाई के भनिन्छ ?  ,दोचा
शखघर सख्वा कुन जातिका व्यापारी थिए ?  ,खुद्र
संबिधानसभा मा नेपाल सरकार (मन्त्रिपरिषद) ले मनोनित गर्ने सदस्य संख्या कति हो ?  ,26
चाणक्यले राज्य को प्रमुख अंग के लाई मानेका छन्?  ,राजा
"मनुष्यहरु को निवास भएको भुमि पनि अर्थ हो, भुमि कमाउने, रक्षा गर्ने उपाए हरु बनाउने शास्त्रलाई नै अर्थशास्त्र भनिन्छ। यो भनाई कसको हो?  ",चाणक्य
नेपालमा कति प्रजातिका जडिबुटीहरु भेटिएका छन् ?  ,२५० प्रजातिका
बहुराष्ट्रिय लगानी प्रत्याभुति सस्थाको प्रधान कार्यालय कहाँ छ ?  ,वसिङटन डी.सी.
सर्बप्रथम मूल्य अभिवृद्धि कर कुन देश मा लागु भएको हो ?  ,France
हाम्रो शारीरमा कति किसिमका खनिज पईन्छन् ?  ,13
एकै ओभरमा छ छक्का प्रहार गर्ने पहिलो नेपाली को हुन ?  ,Aakash Thapa
नेपालको पहिलो (Antibiotic) औषधी  कुन हो ?  ,Penicillian
नेपालमा डिजिटल साक्षरता अभियान सञ्चालन गर्ने पहिलो प्रदेश कुन हो ?  , प्रदेश १
" नेपाल को पहिलो भू - उपग्रह ""नेपाली स्याट -१"" को प्रक्षेपण कहिले गरियो?  ", बि स  २०७६  बैशाख ५
Bagmati अञ्चलको सदरमुकाम कुन हो ?  ,Kathmandu
Bajura जिल्लाको सदरमुकाम कुन हो ?  ,Martadi
लिम्बू भाषामा प्रयोग गरिने लिपि कुन हो ?  ,सिरीजङ्घा
स्वस्थानी ब्रतकथा कुन पुराण बाट लिएको हो ?  ,स्कन्ध पुराण
सुकरात मानिसलाई ज्ञान दिने होइन ………. बनाउन चाहन्थे ?  ,ज्ञानी
गान्धी व्यावसायीक कामको लागि दक्षिण अफ्रीका कहिले गएका थिय ?  ,सन् १८९४
अरस्तुका रचना कृति हरु कति रहेका छन् ?  ,४०० भन्दा बढी
नेपाली मुद्रालाई बास्केट प्रणालीमा विनिमय गर्ने निर्णय कहिले भएको थियो?  ,वि. स. २०३४ जेठ १७
विशवमा नेपालसहित कति भू-परिवेस्थीत् देशहरु छन् ?  ,३१
मकै र कोदो को लागि उपयुक्त माटो कुन मानिन्छ ?  ,रातो फुस्रो माटो
Goddess of Love and Beauty उपनामले समेत चिनिने ग्रह कुन हो?  ,Venus
Makalu Barun राष्ट्रिय निकुञ्जको क्षेत्रफल कति रहेको छ ?  ,1500 Sq. KM
Doing Business Report-2020 अनुसार नेपाल कति औं स्थानमा पर्न सफल भएको छ ?  , ९४  औ
Bheri अञ्चलको सदरमुकाम कुन हो ?  ,Nepalgunj
राप्ती अञ्चलको सदरमुकाम कुन हो ?  ,Tulsipur
पैसा छुँदा पाप लाग्छ भन्ने विश्वास गर्ने जाती कुन हो ?  ,राउटे
"नेपालका कुन कवि ""बिम्ब कवि"" का रुपमा पनि परिचित छन् ?  ",रमेश श्रेष्ठ
From which country started Newspaper?  ,China
महान दार्सनिक Confucius को जन्म कहाँ भएको थियो?  ,Lu State of China
बि. स. २०१८ माघ ९ मा जनकपुरमा राजा महेन्द्र माथी बम प्रहार गर्ने को थिए ?  ,Durga Nand Jha
सर्वप्रथम नेपाल अधिराज्यको प्रधान न्यायालयको स्थापना कसको पालामा भएको थियो ?  ,जुद्दसम्सेर
खुलाद्वार निति भन्नाले के बुझिन्छ ?  ,स्वदेशी र बिदेसी लगानीकर्ता लाई समान ब्वयहार गर्नु
पर्यटन विकास बोडको अध्यक्षमा को रहन्छ ?  ,पर्यटन मन्त्रि /राज्यमन्त्री
सगरमाथा दिवस कहिले मानाइन्छ ?  ,Jestha 16
एसियाको सानो राष्ट्र कुन हो ?  ,MALDIVES
जलवायु परिवर्तनसम्बन्धी राष्ट्रसंघीय सम्मेलन (कोप-२५) -कोप २०१९ कहाँ हुदैछ?  ," पेरिस ,फ्रान्स"
सबै भन्दा गहिरो महासागर कुन हो ?  ,प्रशान्त
राजा जनकको दरबारमा रहेको शिव धनुषको नाम के थियो ?  ,पिनाक
बृहत् ज्ञानकोष का लेखक को हुन् ?  ,Didaro
मध्यकालीन पाटन राज्यको प्रथम शोतन्त्र शासक को थिए ?   ,बिष्णु सीह
Who was the father of Aristotle?  ,Nicomachus
सरकारले वि.सं २०७१ मंसिर १६ गते कति नयाँ नगरपालिका घोषणा गरेको छ ?  ,61
वर्तमान अवस्थामा ऋणको कुन भाग बढेको छ ?  ,बहुपक्षीय ऋण
नेपालको उद्योगका संस्थापक कुन राणा प्रधानमन्त्रीलाई भनिन्छ ?  ,Juddha Shumsher
हैजा रोग कुन किटाणु बाट सर्दछ ?  ,Vibrio Cholerae
सार्क रास्ट्रको कुल क्षेत्रफल वर्ग किमि छ ?  ,4369573 km
 ASEAN को दशौ सदस्य राष्ट्र कुन हो ?  ,कम्बोडिया
अर्थ मन्त्रालय एवं मातहतका विभाग तथा कार्यालयका काममा प्रभावकारिता ल्याउने उद्देश्यले सञ्चालनमा ल्याइएको गुनासो सुनुवाइ कक्षलाई के भनी चिनिन्छ ?  ,बिगुल
नागढुङ्गा–नौबिसे सुरुङमार्गको शिलान्यास कहिले गरिएको हो ?  , विसं २०७६ कात्तिक ४
नेपालको पहिलो आधुनिक बैंक कुन  हो?  ,नेपाल बैंक लिमिटेड
हाल नेपाल को संबिधानमा अनुसार कति प्रकारका अदालत हुनेछन।  ,३ प्रकार
Central Development Region मा कति ओटा जिल्ला हरु रहेको छ ?  ,19
रारा ताल कति उचाइमा रहेको छ ?  ,3200 M
गोठाले भनेर कुन साहित्यकार लाई चिनिन्छ ?  ,गोबिन्द बहादुर मल्ल
अरनिकोको मिर्त्यु कहिले भएको थियो ?  ,वि.स.१३६३
Socrates को मृत्यु कहिले भएको हो ?  ,इसपुर्व 399
गणतन्त्र नेपालको प्रथम उपरास्ट्रपति को हुन् ?  ,परमानन्द झा
नेपालले विश्व व्यापार संगठनको सदस्यता कहिले  प्राप्त गर्यो?  ,23 अप्रिल 2004
Tied Loan भन्नाले के बुझिन्छ ?  ,ससर्त ऋण
मानव सरिरमा कती ओटा प्रणालीहरु हुन्छन?  ,9
Flying Shuttle का आबिस्करक को थिए ?  ,John Kay
पहिलो मिस नेपाल को हुनुहुन्छ ?  , रुवी राणा
नेपालमा सन् २०३० सम्ममा कुपोषणको दर कति प्रतिशतमा झार्ने लक्ष्य लिइएको छ ?  , १४ प्रतिशत
"५२ पोखरी, ५३ तालको जिल्ला भनेर कुन लाई चिनिन्छ ?  ",Rukum
"चेपे नदीको मुहान नेपालको कुन ताल "" पोखरी ""  मा पर्दछ ?  ",ढुध पोखरी
फेवा तालबाट निस्कने खोला पार्दि खोला हो भने रारा दहबाट निस्कने खोला कुन हो?   ,खत्याड
"""महेन्द्र प्रज्ञा पुरस्कार"" को राशी कति छ ?  ",१ लाख
नेपालको राष्ट्रयगानमा कति ओटा शब्द छन।  ,46
चेस खेलको सुरु कुन देशबाट भएको हो ?  ,India
लमजुंगका अन्तिम राजा कसलाई मानिन्छ ?  ,वीरमदन शाह
बढि महिला सैनिक भएको देशः   ,Israel
"BRICS मा पाँच राष्ट्र छन्। १ Brazil, २ Russia, ३ India, ४ China र पाँचौ राष्ट्र कुन हो ?  ",South Africa
एक Centimeter माटो को पत्र बन्न लाई सामान्यतया कति वर्ष लाग्छ ?  ,करिब 400 वर्ष
सबै भन्दा धेरै बाच्ने स्थल प्राणी कुन हो ?  ,कछुवा
Which is the Capital of Hungary?  ,Budapest
पृथ्वीमा जमिनको भाग कति प्रतिसत रहेको छ ?  ,29%
नेपालमा बगने महाकाली नदीलाई भारतमा के नदीले चिनिन्छ ?   ,शारदा
"कुन जतिको मिर्तुसस्कार गर्दा १०८ वटा बत्ती बाली ""म्याम्जा"" गर्ने प्रचलन छ ?  ",तामांड
Nelson Mandela कुन जनजाति का थिए ?  ,जोसा
"सबै भन्दा धेरै सम्मान, पदवी पाउने राजनेता मध्ये South Africa का प्रथम अश्वेत राष्ट्रपती Nelson Mandela पनी एक हुन्। उनले आफ्नो जीवनकाल मा कति पुरस्कार पाएका थिए ?  ",695
गणतन्त्र नेपालका प्रथम रास्ट्रपति को हुन् ?  ,राम बरण यादव
नेपालमा सर्बप्रथम रोप-वे निर्माण गराउने को हुन् ?  ,Chandra Shamsher
"""कानुनको अवज्ञा गर्नुनै राज्य को अस्तितित्वोलाई नै नकार्नु हो"" यो भनाइ कसको हो ?  ",Socrates
हाल विश्वमा करीब २१.४० करोड मानिस आप्रवासीका रूपमा रहेका छन् भने एशिया तथा प्रसान्त क्षेत्रमा यसको हिस्सा कति रहेको छ ? (2012 / 2013 AD Data)   ,25 %
सार्वजनिक सस्थाहरुमध्ये वितिय क्षेत्रअन्तरगत रहेको संस्थानहरुको संख्या कति छ ?     ,८
पाँच करोड रुपैया माथि पन्ध्र करोड रुपैया सम्म स्थिर र जेथा भएको उद्योग लाई के भनिन्छ ?  ,मझौला उदयोग
Makhaya Ntini is related with which sport?   ,Cricket
Wayne Gretzky is related with?  ,Ice Hockey
काठमाडौँ उपत्यकामा विद्युतीय बस सेवाको सुरुवात कहिलेदेखि गरिएको हो ?   , विसं २०७६ भदौ २४
"Gorkha Tole lies in France, where does the village names ""Nepal"" lies?  ",Japan
Mohottari जिल्लाको सदरमुकाम कुन हो ?  ,Jaleshwor
अरस्तु (Aristotle) कसका चेला थिए ?  ,प्लेटो (Plato)
रामले सीतालाई त्यागे पछि उनले कुन ऋषिको आश्रममा शरण लिएकी थिइन ?  ,बाल्मिकी
डेटोटिक लिपिको विकास कुन सभ्यतामा भएको हो?  ,मिश्र
 `सत्यग्रह भनेर के बुझिनछ ?  ,माथिको सबै
कौटिल्य को कुन ग्रन्थ लाई पुर्विय शासन पद्दतीको important कृति मानिएको छ ?  ,अर्थशास्त्र
नेपाललाई सर्बप्रथम बिदेसी सहायता उपलब्ध गराउने बहुपक्षीय संस्था कुन हो ?  ,UNDP
Which is the largest bilateral donor to Nepal?  ,Japan
Swine Flu वा Influenza A H1N1 बाट मृत्यु हुने पहिलो नेपाली को हुन् जो नेपाल सरकारको निजामती कर्मचारी पनि थिए र उनलाई अमेरिकामा यो रोग लागेको थियो ?  ,Bhawa Krishna Bhandari
सबै भन्दा सानो चरा कुन हो ?  ,Bee Humming Bird
ढोरपाटन सिकार आराक्ष्य कती क्षेत्रफल मा फैलिएको छ ?  ,1325 Sq. KM
फोर्ब्स पत्रिकाको  रिपोर्ट २०१८ आनुसार बिश्वक दस शक्तिसाली मय्धे  # १ मा को छन्?  ,Xi Jinping
Dhawalagiri अञ्चलमा कती ओटा जिल्लाहरु छन् ?  ,4
Which is the Capital of Zimbabwe?  ,Harare
नेपालको कुन जिल्लाको आकार नेपालको नक्सा संग मिल्दो जुल्दो छ ?  ,बाग्लुंग
रामशाहले कति वर्ष राज्य गरेका थिए ?  ,२७ वर्ष
कैलाशकुट भवन कुन ठाउमा अवस्थीत थियो ?  ,देवपटन
भैरब लाई हसाउने राजा को हुन् ?  ,Pratap Malla
पहिलो आम निर्वाचन कहिले भएको हो ?  ,२०१५ फागुन ७
कौटिल्य लाई आर्को के नाम ले चिनिन्छ ?  ,चाणक्य
नेपाल मा बाघ संरक्षणका लागि ३० लाख डलर (३० करोड रुपैया ) सहयोग गर्ने  Hollywood का चिरपरिचित नायक को हुन ?  ,Leonardo da Dicaprio
नेपालको तराई क्षेत्रमा कुन प्रकार को माटो पाईन्छ ?  ,पाँगो माटो
लिम्बु जातिले कुन पर्व मनाउदछन ?  ,फोदडमा
0 and 1 Number System is Called?  ,Binary
International Green Cross को स्थापना कहिले भएको थियो ?  ,सन् १९९२
यस वर्ष (विसं २०७६) को चक्रपाणि स्मृति पुरस्कार कसलाई प्रदान गरियो ?   ,बालसाहित्यकार एवम् जीवनीकार गोपाल पराजुली
"जनशंख्याको आधारमा नेपाल, विश्वमा कतिवौ स्थानमा पर्दछ ?  ",49
Mugu जिल्लाको सदरमुकाम कुन हो ?  ,Gamgadi
Rautahat जिल्लाको सदरमुकाम कुन हो ?  ,Gaur
भानुभक्त आचार्य ले पढ्न - लेख्न को बाट सिकेका थिए ?  ,हजुरबुवा श्रीकृष्ण आचार्य
पृथ्वीनारयण शाहले कोसंग मित लागाएका थिए ?  ,विरनरसिह
कांग्रेसको १३ औ  महाधिबेसनबाट सभापतिमा को निर्वाचित भयो ?   ,Sher Bahadur Deuba
महात्मा गान्धीको वास्तविक नाम के हो ?  ,मोहनदास करमचन्द  गान्धी
नेपाल राष्ट्र बैंकको लेखापरिक्षण कसले गर्छ ?  ,महालेखा परिक्षकले
शुद्ध रगत बोक्ने Vein कुन हो ?  ,Pulmonary Vein
आर्थिक सर्वेक्षण २०७३/७४ अनुसार आ.व. २०७३/७४ मा नेपालमा कति खाद्यान्न उत्पादन हुने अनुमान छ ?  ,९७ लाख ४१ हजार टन
कुन बिकाश क्षेत्रमा सबै भन्दा धेरै जिल्लाहरु छन् ?  ,Centeral Development Region
Central Development Region मा नपर्ने अञ्चल कुन हो ?  ,Koshi
Central Development Region मा पर्ने अञ्चल कुन हो ?  ,Narayani
भिमसेन थापाको जन्म कहिले भएको थियो ?  ,वि.स. १८३२
 बौद्ध धर्मका चार स्तुपा कसले बनाएका थिए ?  ,Mandev
नेपाल को संबिधान - २०७२ कहिले जारी भएको हो ?  ,2072-Ashoj-3
१२ बर्षको उमेरमा मोहनदास करमचन्द (महात्मा गान्धी) को बिबाह को संग भएको थियो ?  ,कस्तुरवा
हाल नेपालमा वन क्षेत्रले ढाकेको भू-भाग कति छ ?  ,29 %
 क्रेडिट कार्ड प्रयोग गर्ने नेपालको पहिलो बैँक कुन हो ?  ,Himalayan Bank
एड्स रोगको उत्पती सर्वप्रथम कुन देशमा भएको हो ?  ,अफ्रिका
संयुक्त राष्ट्र संघ शान्ति स्थापना गर्न सबैभन्दा बढी खर्च गरेको मुलुक कुन हो?   , कम्बोडिया
Lamjung जिल्लाको सदरमुकाम कुन हो ?  ,Besisahar
सगरमाथा हिमालको उचाई कति फिट छ?  ,29028
 सबैभन्दा गहिरो नदी कुन हो ?  ,Narayani
अंशुबर्मा कुन सम्प्रदायका थिए ?  ,पासुपत सम्प्रदाय
नोबेल शान्ति पुरस्कारका  लागी महात्मा गान्धी पाँच चोटी मनोनयनमा परेका थिए भने Jawaharlal Nehru सो पुरस्कारका लागी कतिपटक मनोनयन मा परेका थिए? (तर उनले सो पुरस्कार एक चोटी पनि प्राप्त गरेनन)  ,11 Times
राणाकालीन समयमा नेपालमा कति जना प्रधानमन्त्री भएका थिय ?  ,११ जना
"नेपाली सेनाको सेनानी (मेजर), निजामती कर्मचारीको कुन श्रेणीको पद बराबर मानिन्छ ?   ",उप सचिब
Confucius ले कति वर्ष को उमेरमा आफैले बिद्यालय खोली संचालन गरेका थिए ?  ,22
उपभोक्तामाथि सिधै लगाईने कारलाई के भनिन्छ ?  ,प्रत्क्ष्य कर
'संसारको चिडियाखाना' भनेर कुन जलवायुलाई चिनिन्छ ?  ,उष्ण मौसमी जलवायु
आप्रवासी कामदारको मानवअधिकार संरक्षणसम्बन्धी अन्तर्राष्ट्रिय सम्मेलनको आयोजना काठमाडौँमा कहिले गरियो ?   , २०७६ कात्तिक २६–२८
Bara जिल्लाको सदरमुकाम कुन हो ?  ,Kalaiya
क्षेत्रफलका हिसाबले विश्वकै सबभन्दा ठूलो राष्ट् कुन हो ?  ,Russia
नेपालको सबै भन्दा ठुलो राष्ट्रिय निकुञ्ज कुन हो ?  ,Shey Phoksundo National Park
"""Man is born free but everywhere he is in chains"" यो भनाइ कसको हो ?  ",Russo
"""I would like to be ruled by 1 lion rather by hundred rats"" यो भनाइ कसको हो ?  ",Voltaire
महिला माथि दुरब्वोहार गरेको आरोपमा राजीनामा दिने कृषि मन्त्री को हुन् ?  ,हरि पराजुली
(Socrates) सुकरातको आमा को नाम के हो ?  ,Phaenarete
सार्बजनिक संस्थानहरु मध्ये सेवा क्षेत्रअन्तर्गत रहेका संस्थानहरुको संख्या कति छ?  ,7
Which is the Economic Capital (आर्थिक राजधानी) of China?  ,Shanghai
Rara राष्ट्रिय निकुञ्जको क्षेत्रफल कति रहेको छ ?  ,106 Sq. KM
कुन ग्रुपको रगत स्थान्तरण गर्न सबैभन्दा सुरक्षित हुन्छ ?  ,0 N
Amazon.com कस्तो खालको Website हो ?  ,E-Commerce
 विश्व कला परिषद्ले ललितपुर महानगरपालिकालाई कतिऔँ कला नगरीका रूपमा घोषणा गरेको छ ?  ,३५औँ
तल दिएको मध्य कुन जिल्ला सगरमाथा अञ्चलमा पर्दछ ?  ,Khotang
विश्वको सबै भन्दा गहिरो ठाउँ कुन हो ?  ,Mariana Trench
Gandaki अञ्चलको सदरमुकाम कुन हो ?  ,Pokhara
ताजीया कुन धर्मालम्बीको पर्व हो ?  ,Muslim
वेदव्यासको बुबाको नाम के हो ?  ,परासर
"राजनीतिको मुख्य उदेश्य समाज र मानिस लाई नैतिकवान बनाउनु हो, यो भनाइ कसको हो?  ",महात्मा गान्धी
जावलाखेल चिडियाखाना को स्थापना कसले गरेका हुन् ?  ,Juddha Samsher
अरस्तुका बुबा उनलाई चिकित्सक बनाउन चाहन्थे भने उनि चाहिँ भविस्यमा के बन्न चाहन्थे ?  ,Politician
कृतिपुर कहिले विजय प्राप्त गर्न सकियो ?  , १८२२ चैत्र ३
राष्ट्रिय कृषि गणना २०६८ को प्रतिवेदन अनुसार पछिल्लो १० वर्षमा सुँगुर - बंगुर पालन ३० प्रतिसतले बढेको छ भने भेडा पालन कति प्रतिसतले बढेको छ ?   ,29 %
नेपाली आर्थतन्त्र को बिसेसता दिएको मध्ये कुन हो ?  ,सबै उत्तर ठिक छन्
अन्तर्राष्ट्रियपर्वतीय संग्राहालय कहाँ रहेको छ ?  ,खिम्ती
FLU  'एक प्रकारको रुघाखोकी' सर्ने मध्यम कुन हो ?  ,चराचुरुंगीहरुबाट
सबै भन्दा ठुलो स्थल जनावर कुन हो ?  ,Elephant
१३औ सग गमे- २०१९(काठमाडौँ -पोखरा) कति स्वर्ण पदक  वितरण गरिने भएको छ ?  ,३१७
 १३औँ सागको प्रत्यक्ष प्रसारण गर्ने ? अधिकार कसले प्राप्त गरेको छ  , एनके मिडिया भेन्चर प्रालि
अन्तराष्ट्रिय  फौजदारी अदालत को सदस्यता त्याग्ने राष्ट्र कुन को ?   , बुरुण्डी
Which is the largest office build in the world?  ,"The Pentagon, USA"
बार्हकुने ताल कुन जिल्लामा पर्दछ ?  ,Dang
 २०७१ मा लक्ष्मीप्रसाद देवकोटाको कतिऔ जन्म जयन्ती मनाइयो ?  ,106
युनानको प्रमुख बाली के थियो ?  ,गहु
पृथ्वीनारयण शाहको जन्म कहाँ भएको थियो ?  ,गोरखा
पृथ्वीनारयण शाहको देहावसान कहाँ भएको थियो ?  ,नुवाकोटको देवीघाट
हाल नेपालमा कति वटा औधोगीक रहेका छन् ?  ,११
राष्ट्रिय कृषि गणना २०६८ को प्रतिवेदन अनुसार पछिल्लो १० वर्षमा कुखुरा पालन ४९ प्रतिसतले बढेको छ भने बाख्रा पालन कति प्रतिसतले बढेको छ ?  ,59 %
World Bank ले हालै सार्बजनिक गरेको प्रतिबेदन अनुसार (2012 AD) मा कुल गार्हस्थ उत्पादन (GDP) को अनुपात मा सबै भन्दा धेरै रेमिटान्स (Remittance) भित्र्याउने मुलुक कुन हो?   ,Tajikistan
भ्यागुते रोग विरुद्ध कुन खोप दिईइन्छ ?  ,DPT
जगदम्बा-श्री  पुरस्कार २०७५ कसलाई  प्रदान गरीयो?  ,वैरागी काइँला
नेपालको कुन ठाउँमा सारस प्रजनन केन्द्र रहेको छ ?   ,कपिलवस्तु
BRICS को 12औ सम्मेलन कहाँ हुदैछ?  ,रुस(सन 2020 मा)
Central Development Region को कती ओटा अञ्चलले चीन र भारत दुवै छोएको छ ?  ,1
माछा नपाइने नदी कुन हो ?  ,Jordan
Darchula जिल्लाको सदरमुकाम कुन हो ?  ,Darchula
पृथ्वीनारयण शाहका पिता राजा नरभूपाल शाह हुन् भने आम को हुन् ?  ,कौसल्यावती
Mona Lisa का चित्रकार को हुन् ?  ,Leonardo Da Vinci
नेपालको पहिलो सहिद कसलाई मानिन्छ ?  ,Lakhan Thapa
चाणक्य को जन्म कहाँ भएको विश्वास गरिन्छ ?  ,तत्कालिन भारत को तक्षसिला
South Africa मा सन् 1994 मा Nelson Mandela को नेतृत्वमा गठित पहिलो राष्ट्रिय सरकारमा कती जना भारतीय मुलका मन्त्री थिए ?  ,11
नेपाल राष्ट्र बैंकका संचालकको कार्यकाल कति वर्षको हुन्छ ?  ,5 वर्ष
SAARC राष्ट्रमा सबै भन्दा पहिले VAT लागु गर्ने राष्ट्र कुन हो ?  ,Pakistan
Which of the below option is not a Storage Device in Computer?  ,Printer
Cotton Gin को अविस्कार कसले गरेका हुन् ?  ,Eli Whitney
बाघ गणना 2075 अनुसार हाल नेपालमा बाघको संख्या कति रहेको छ?  ,235 वटा
नेपालको कुन जिल्लाको आकार हलो को जस्तो छ ?  ,रामेछाप
South Africa मा हाल कुल जनसंख्याको कती प्रतिसत भारतीय छन् ?  ,3 %
Pyuthan जिल्लाको सदरमुकाम कुन हो ?  ,Pyuthan Khalanga
राजगद्दी र प्रेमिका मध्ये एक लाई चुन्नुपर्दा ११ महिनापछि गद्दी त्यागी बिधवा Wallis Simpson सँग बिहे गर्ने बेलायती राजा को हुन् ?  ,Edward VIII
पृथ्वीनारयण शाहको प्रथम विवाह वि.स.१७९४ मंसिरमा कोसँग भएको थियो ?  ,इन्द्रकुमारी
सरकारी कार्यालय बिहान १० बजे देखि बेलुका ५ बजे सम्म खुल्ने चलन कसले चलाएका हुन् ?  ,Dev Shamsher
मूल्य अभिवृदी कर कहिले १० प्रतिसत बाट १३ प्रतिसत बनाइएको हो ?  ,2062 Baishak 2
अर्थशास्त्रमा लगानीको सिद्धान्त कुन अर्थशास्त्री संग सम्बन्धित छ ?  ,David Ricardo
राष्ट्रिय आयमा कृषि क्षेत्रको योगदान कति प्रतिसत रहेको छ ?  ,39.3 %
Which player holds the record of highest no. of goal in Worldcup?  ,Miroslav Klose
Muttiah Murali Dharan is related with which sport?   ,Cricket
१३औँ दक्षिण एसियाली खेलकुद को लोगो र मस्कट का डिजाइनर को हुन्?   ,भोलानाथ पौडेल
"""खोलौ बैंक खाता राष्ट्रिय अभियान"" को सुरुवात देखि भएको हो?   ",बि स  २०७६  बैशाख १
अमलेखगञ्जको पुरानो नाम के हो ?  ,भिक्षाखोरी
लिबियाली शासक कर्णेल गधपिको हत्या कहिले भएको थियो ?    ,20 October 2011
"राजा जनकको उपदेशले शान्ति, अहिंशा, समानता, सोतन्त्रता र ……… को सन्देश समाजलाई प्रदान गरेको छ।  ",एकता
पंचायती व्यबस्ताको अन्तिम प्रधानमन्त्री को हुन् ?  ,Lokendra Bahadur Chand
एक लाख यूरो राशिको रिस्क रेड़कसन अवार्ड पाउने नेपाली सस्था कुन हो ?  ,नेपाल नर्सिङ्ग संघ
नेपाल मा सर्वप्रथम निजीकरण ऐन कहिले जारी भएको हो ?  ,वि. स. २०५० साल
पित्ताशय नहुने जीव कुन हो?  ,उट
Maradona is related with?  ,Football
महमा कति प्रतिशत पानी हुन्छ ?  ,70
संयुक्त अधिराज्य बेलायतको वेल्स ब्रेकनमा आयोजित सैन्य अभ्यास (२०१९) मा स्वर्णपदक प्राप्त गर्ने सैन्य टोली कुन हो ?  ,नेपाली सेना
कुमेरु महासागरको औसत गहिराई कति छ ?  ,2400 M
Which is the Capital of USA?  ,"Washington, D.C."
Mahakali अञ्चलमा कति ओटा जिल्लाहरु छन् ?  ,4
विश्वभर बोलिने चलनचल्तीका भाषा मध्ये नवौ स्थानमा कुन भाषा पर्दछ ?  ,पंजाबी
"भगवान Gautam Buddha ले सत्यको खोजको लागी दरबार, घर-परिवार त्याग्दा उनको उमेर कती थियो ?  ",29
नेपाली सेनामा अधिकृत भएको लगभग कती वर्ष सेवा अवधि पुगेपछि सेनानी (मेजर) बन्न सकिन्छ?  ,10 Yrs
नेकपा एमाले को आठौ महाधिवेसन बाट अध्यक्षमा को चुनिए ?  ,Jhalanath Khanal
सिक्का नभएको देशः  ,Paraguay
खेतिपातीको लागी सबै भन्दा कम उब्जाउ हुने माटो कुन हो?  ,बलौटे पत्थरिलो माटो
Khaptad राष्ट्रिय निकुञ्जको क्षेत्रफल कति रहेको छ ?  ,225 Sq. KM
How many bones are there invertbrate?  ,33
Theory of Electromanetic Waves सिद्धान्तका पप्रबक्ता को हुन् ?  ,Maxwell
हाल राष्ट्रिय गौरव का आयोजना कति वटा छन् ?   ,२२
 नेपालमा पहिलोपटक टेस्ट ट्युब प्रविधिबाट शिशुको जन्म कहिले भयो ?  ,वि.सं. २०६१ फाल्गुन २०
Africa महादेशमा भूपरिबेस्ठित (Landlock) राष्ट्रहरु कति छन् ?  ,15 Countries
Far Western Development Region मा पर्ने अञ्चल कुन हो ?  ,Seti
लेकको  जंगललाई के भनिन्छ ?  ,पाल
England का Catholic हरु लाई सहुलियत दिन र Catholic धर्म प्रचार गर्ने उदेश्य ले James II ले 1687 AD मा गरेको घोषणा लाई के भनिन्छ?  ,प्रथम धार्मिक अनुग्रहण घोषणा
 नालापानीको युद्धमा कसले आफ्नो विरता देखाएका थिए ?  ,Balbhadra Kunwar
कुन मुलुकलाई भाषाको चिडियाघर भनिन्छ ?  ,भारत
अरस्तु कति वर्ष को उमेर मा अध्ययन गर्न एथेन्स गएका थिए ?  ,16
कार्ल मार्क्सको मिर्तु कहाँ भएको थियो ?  ,बेलायत
साम्यबादी बिचारको सबैभन्दा महातोपूर्ण आधार कुन हो ?  ,भौतिकबाद
नेपाल राष्ट्र बैंकको संचालक समितिमा बढीमा कति जना सदस्य हरु रहन्छन ?  ,7 जना
कृषिमा पशु क्षेत्रको योगदान कति रहेको छ ?  ,28 %
यूईएफए प्लेयर अफ दि सिजनको उपाधि-२०१९ कसले प्राप्त गरेकाछन?  ,भर्जिल भान डाइक
लोयी Institute ले  २०१९ अनुसार संसार को सबैभन्दा बढी कुटनीतिक समन्ध स्थापित गर्ने देश कुन हो?  ,चिन
विश्व वन्यजन्तु कोष (WWF) को प्रधान कार्यालय कहाँ रहेको छ ?  ,स्वीट्जरल्यान्ड
सबै भन्दा चम्किलो ग्रह कुन हो ?  ,Venus
संसारकै सबै भन्दा प्रसिद्ध Statue of Liberty को उचाई कति छ ?  ,46 M
भगवान Gautam Buddha को जन्मस्थान Lumbini कुन जिल्लामा पर्दछ ?  ,Rupandehi
भगवान Gautam Buddha ले कहिले ज्ञान प्राप्त गरेका थिए ?  ,इशापूर्व ५२८ मा बैशाख पुर्णिमाको दिन
प्रजातन्त्र प्रादुभावपछिको पहिलो मन्त्रिमण्डलमा कति सदस्य थिय ?  ,10
Abraham Lincoln को पिताको पेसा के थियो ?  ,किसन / कार्पेन्टर
नेपाल सरकारको कार्य विभाजन निमावाली कसले सुइक्रित गर्दछ ?  ,मंत्रिपरिसद
Birgunj भन्सार भारतको कुन सहर संग जोडिएको छ ?  ,Raxaul
नेपाल लाई सबै भन्दा धेरै ऋड़ र अनुदान दिने राष्ट्र कुन हो ?  ,जापान
हाल विश्वमा कति देशमा 'पाटे बाघ' पाइन्छ? (Data 2014)  ,4
१ लाख अमेरिकी डलरको SAARC Literary Award पाउने नेपाली साहित्यकार को हुन् ?  ,सुमन पोख्रेल
स्थानीयतह को  निर्बाचन बाट नेपाल मा कतिजना जनप्रतिनिधि निर्बाचित भएका छन् ?  ,३७७१३
"""गौरीफान्टा नाका"" नेपालको कुन जिल्लामा पर्दछ ?  ",Kailali
Bhojpur जिल्लाको सदरमुकाम कुन हो ?  ,Bhojpur
Which is the Capital of Canada?  ,Ottawa
बाइसी राज्यको केन्द्र कुन ठाउँ थियो ?  ,जुम्ला
कसलाई नेपालका युवा कवि  भनिन्छ ?  ,  मोतीराम भट्ट
"""Group-20"" के संग सम्बन्धीत  छ ?   ",आशीयान
राणाकालमा नेपाल अधिराज्यलाई कति क्षेत्रमा विभाजन गरिएको थियो ?  ,९
सुकरातले सानै देखि के कुरा को आकांक्षा राख्दथे ?  ,प्रकृति बिज्ञान
Who is the first lady Speaker of Nepal?  ,Onsari Gharti Magar
U.N.O. को शान्ति कायम गर्ने सेनालाई के भनिन्छ ?  ,Blue Halmet
नेपालमा बिदेसी सहायता को संस्थागत बिजारोपण कहिले देखी भएको हो ?  ,1951 AD
"नेपाल सरकार द्वारा ओसारपसार, निर्यात र कटानी गर्न प्रतिबन्ध लगाएको वन पैदावर कुन हो ?  ",सबै
राष्ट्रिय निकुञ्ज तथा वन्यजन्तु संरक्षण ऐन अनुसार कति प्रजातिका घस्रने जीव जन्तुको कानुनी प्रक्रिया द्वारा संरक्षण गरिएको छ ?   ,३
भुटानको  सरकारी  विमान सेवालाई के भनिन्छ ?  ,Durk airways
ऐतिहासिक सिन्धुलीगढीमा युद्ध सङ्ग्रहालयको शिलान्यास कहिले गरिएको हो ?  ,विसं २०७६ कात्तिक २४
भारतले हालै नयाँ राजनीतिक नक्सा कहिले प्रकाशित गरेको हो ?   ,सन् २०१९ नोभेम्बर ३
Myagdi जिल्लाको सदरमुकाम कुन हो ?  ,Beni
Udayapur जिल्लाको सदरमुकाम कुन हो ?  ,Triyuga
पहाडहरुको देश भनेर चिनिने देश नेपालमा कती ओटा पहाड रहेका छन् ?  ,835
फ्रान्सेली राज्यक्रान्तिलाई सबै किसिमका लेखकले तयार गरेका थिए। यस कालका साहित्य राज्यलाई नस्ट गर्नका लागि राम्रो गोल बारुद समान थिए। यस भन्दा पहिले क्रान्ति हरु यती बढी सब्द र सुत्रहरु ले कहिले पनि सुसज्जित भएका थिएनन्। यो भनाइ कसको हो ?  ,Katbali
नेपालका सार्वप्रथम  नेपाली भाषामा पि.एच.डी गर्ने  महिला को हुन् ?  ,सुभद्रा दाहाल
सिंह दरबारमा आगलागी हुँदा नेपालका प्रधानमन्त्री को थिए ?  ,Kirtinidhi Bista
Confucius को जन्म कहिले भएको थियो?  ,इसापूर्व 551
How many temporary members are there in security council of U.N.O.?  ,10
ज्योतिष शास्त्रअनुसार योग कतिवोटा हुन्छ ?   ,27
What is the extension of Photoshop?  ,PSD
नेपाल संयुक्त राष्ट्र संघ को सुरक्षा  परिषद को  अस्थाई सदस्य राष्ट्र कति पटक भएको छ ?  ,२ पटक
कागेल विमानस्थल कुन जिल्लामा पर्दछ ?  ,Solukhumbu
एशिया बाहिर अधिकतम हिन्दु बसोबास भएको अर्को मुलुक कुन हो ?  ,मौरिसस
अमेरिका कसले पत्ता लगाएका हुन् ?  ,Christopher Columbus
Which Nepali got VC after Second Worldwar in the war of Bornio?  ,Ram Bahadur Limbu
नेपाल एकीकरण हुनु पूर्व कति वटा राज्यमा बिभक्त थियो ?  ,52
महात्मा गान्धी कहिले  South Africa  बाट स्वदेश फ़र्के ?  ,1914
नेपालका सार्वप्रथम  पि.एच.डी. Holder महिला को हुन् ?  ,डा.प्रभा बस्नेत
"महेन्द्रबाट नेपाल अधिराज्यको संबिधान,२०१५ कहिले जारी भएको थियो ?  ",२०१५ फागुन १
Security खरिद बिक्रि केन्द्र कहिले देखि नेपाल ऋणपत्र विनिमय बजार लिमिटेड मा रुपान्तरित भएको हो?  ,BS 2050
From the below list which country is not a permanent member of security council of UN?  ,Germany
बच्चाहरुलाई क्षय रोग बाट बचाउन कुन खोप लगाइन्छ?  ,BCG
मुगु कर्णालीको लम्बाई कति रहेको छ ?  ,384 km
Bheri अञ्चलमा पर्ने जिल्ला कुन हो ?  ,Jajarkot
करुवाको लागि पाल्पा प्रख्यात छ भने जुनारको लागि कुन ठाउँ प्रख्यात छ?  ,Sindhuli
1749 AD मा प्रकासित मानवमा भएका गुणको तुलना सभ्यतासंग गरिएको प्रख्यात लेख कसको हो ?  ,Russo
गौतम बुद्धले कति वर्षको उमेरमा देह त्याग गरेका थिए ?  ,८०
अमेरिकी गृह यूद्ध को अन्त्य कहिले भएको थियो ?  ,1865 AD April 9
राजतन्त्र भएको एकमात्र सार्क राष्ट्र कुन हो ? (Data of 2014)  ,Bhutan
APEC (Asia-Pacific Economic Cooperation) Summit 2010 मा सदस्य राष्ट्र बीच स्वतन्त्र व्यापार तथा लगानीमा उदारीकरण अभिवृद्धि गर्ने सहमती भएको दस्ताबेज लाई केन भनि बुझिन्छ ?  ,Yokohama Vision
नेपालमा पहिलोपटक अत्याधुनिक सुविदा सहितको पशुपन्छी सम्बन्धि शीक्षण अस्पताल कहाँ निर्माण गर्न  थलियको छ ?  ,त्रिपुरेश्वोर काठमाडौँ
Bank of the Year 2014 is..........?  ,Global IME Bank
Theory of Relativity का प्रतिपादक को हुन् ?  ,Albert Einstein
 UNHCR को स्थापना कहिले भएको थियो ?  ,सन् १९५३
बैंक अफ दी एयर - २०१९ कुन बैंक हो ?  ,मेगा बैंक नेपाल लिमिटेड
पृथ्वीको कती ओटा उप-ग्रह हरु छन् ?  ,1
भारत छोड आन्दोलन (Quit India Movement) कसको नेतृत्वमा मा भएको थियो ।  ,Mahatma Gandhi
२०७४ जेष्ठ २३ मा प्रधानमन्त्रीमा निर्बाचित भयका सेरबहादुर देउवाले दोस्रोपल्ट  मन्त्रिपरिसदको विस्तार कहिले गरे ?  ,बि सं. २०७४ साउन ११ गते
नेपालका पहिलो उप प्रधानमन्त्री को हुन् ?  ,Subarna Shumsher Ja. Ba. Ra.
नेपाली उत्पादित बस्तुहरुमा Canada निर्यात गर्दा कुनै पनी भन्सार सुल्क नलिने गरी Nepal र Canada बीच सम्झौतामा कहिले हस्ताक्षर भयो ?  ,"BS 2060, Baishak 30"
Hashim Amla is related with?  ,Cricket
Who is the founder of Facebook?  ,Mark Zuckerberg
Shanghai Expo 2010 को समापनमा नेपालको तर्फ़ बाट को सहभागी हुनु भएको थियो ?  ,President Dr. Ram Baran Yadav
नदी नै नभएको सार्क राष्ट्र कुन हो?  ,Maldives
"""आमाको काखमा"" नाटकका नाटककार को हुन् ?   ",मोदनाथ प्रश्रित
 मार्क्सको सर्बश्रेष्ठ रचना …… लाई साम्यबादीको बाईबल भनिन्छ ?  ,Das Capital
"""शान्तिको लागि शिक्षा"" अभियान बोकेर देशव्यापी सांगीतिक यात्रा गर्दै हिडिरहेको कुन सांगीतिक समूह हो ? (2070 BS / 2013 AD)  ",Nepathya
व्यवसायिक रुपमा 5G नेटवर्क सेवा संचालन गर्ने प्रथम देश  कुन हो ?   ,दक्षिण कोरिया
सन २०१६ मा युरोकप प्रतियोगिता कुन देशमा आयोजना भएको थियो??  ,फ्रान्स
Okhaldhunga जिल्लाको सदरमुकाम कुन हो ?  ,Okhaldhunga
Ramechhap जिल्लाको सदरमुकाम कुन हो ?  ,Manthali
हाल सम्म नेपालमा कति जना राष्ट्रिय बिभुति हरु छन् ? (Till 2014 AD)  ,16
त्रिमूर्ति निकेतनद्दारा पाँच लाख रुपियाँ राशीसहितको शताब्दी पुरुषको सम्मान कसलाई प्रदान गयो ?  ,सत्यमोहन जोशी
सीता कसकी पत्नी हुन् ?  ,रामचन्द्र
नेपाल र आइभरीकोस्टबीच कूटनीतिक सम्बन्ध कहिले कायम भएको हो ?  ,२०१७ जून १६
नेपाल को आर्थिक बिकाशमा तिब्रता ल्याउने उदेश्यले कहिले देखी विकाशतर्फ कार्यक्रम बजेटको सुरुवात गरिएको थियो ?  ,2026 BS
कति वर्षको उमेरमा मानिसको मस्तिष्कको विकास रोकिन्छ ?  ,15
James Hargreaves ले Spinning Jenny को आविस्कार कहिले गरेका थिए ?  ,1765 AD
ओलम्पिक तेकन्दो प्रशिक्षण मा पदक जित्ने पहिलो नेपाली खेलाडी को हुन् ?   ,बिधान लामा
"टेनिश खेल विमब्लेडन (Wimbledon) को उपाधि सबैभन्दा बढी ""लगातार"" जित्ने खेलाडी को हुन् ?  ",William Renshaw
रारा तालबाट निस्केको खोलाको नाम के हो ?  ,खात्यंग खोला
Which Zone has the highest no. of Districts in Nepal?  ,Bagmati
रामायण लाई संस्कृत भाषा बाट नेपाली भाषामा प्रथम पटक कसले उल्था गरेका थिए ?  ,Bhanubhakta Acharya
"""Bishmillah"" मुस्लिम शब्दको अर्थ के हो ?  ",अल्लाहको नाममा
चार जाते गुरुङ्को थर निम्न मध्ये कुन होइन ?  ,ध्याप्रिन
Socrates का अनुसार राजनीतिज्ञ वा प्रसासनमा हुनु पर्ने मुख्य दुई गुण के के हुन् ?  ,जनहितकारी भावना र बुद्धिमत्ता
नेपालको ३८ औ प्रधानमन्त्रि को रुप मा के पी ओली कहिले निर्वाचित भए ?  ,2072-Ashoj-24
नेपालको बैदेशिक रोजगारीको इतिहास लगभग २०० वर्ष पुरानो भए पनि कहिले देखि मात्रै यसको कानुनी संरचना र संगठनात्मक संयन्त्रको स्थापना भएको हो ?  ,BS 2042
देशमा बिध्यमान उद्योगहरु प्राय कुन प्रकृतिको रहेका छन् ?  ,कृषिजन्य
नेपालले सन् २०१४ को २०-२० विश्वकप क्रिकेटमा पहिलो खेल को संग खेलेको थियो ?  ,Hong Kong
सागर थापा कुन खेल संग सम्बन्धित छन् ?  ,Football
एक मानिस को मुटु अर्को मानिसमा कसले सफलपूर्ण तरिकाले सरेका थिए ?  ,Christin and Bernard
 सन् २०१७ जूनमा सम्पन्न आठौं आईसीसी च्याम्पियन्स ट्रफी क्रिकेट प्रतियोगिताको उपाधि कसले जित्यो ?  ,पाकिस्तान
Kalikot जिल्लाको सदरमुकाम कुन हो ?  ,Manma
Bheri अञ्चलमा नपर्ने जिल्ला कुन हो ?  ,Kalikot
Who built the Krishna Mandir of Patan?  ,Siddhinarasimha Malla
कार्ल मार्क्सले कहिले दर्सन शास्त्रमा वीधावारिधी  उपाधि प्राप्त गरे ?  ,1841
सन् २०१३ November३०  मा  U.A.E मा भएको ICC-20 प्रतियोगितामा नेपालले कुन स्थान प्राप्त गरेको थियो ?  ,तेस्रो
होग डिएर (Hog Deer) कुन वन्य जन्तु आरक्ष्यमा पाइन्छ ?  ,शुक्लाफाँट
‘जीवनको सबैभन्दा अँध्यारो क्षणमा हामीले उज्याला किरणतिर मात्र ध्यान दिनुपर्छ’ भन्ने विद्वान् को हुन् ?  ,एरिस्टोटल ओनासिस
पृथ्वीको सबै भन्दा ठुलो  महासागर  कुन हो?  ,प्रशान्त
North America महादेशको सबै भन्दा अग्लो हिमाल कुन हो ?  ,Mount McKinley
गौतम बुद्धले ज्ञानको प्रचार कुन ठाउँमा गरे ?  ,भारतको सारनाथ
टिग्रिस र युक्रेटस नदिको किनारमा हुर्केको सभ्यतालाई के भनिन्छ?   ,मेसोपोटामिया सभ्यता
जितिया पर्व कुन जातिका महिलाको पर्व हो ?  ,Tharu
नेपालमा सर्बप्रथम सचिव हुने महिला को हुन् ?  ,चन्द्रकला किरण
नेपालमा बिद्युत उत्पादन हुन सक्ने सम्भावित क्षेमता कति हो ?  ,"83,000 MW"
Which is the South Asian nation that has prohibited the sale of cigarette in its territory?  ,Bhutan
Isaac Newton ले Gravity (Gravitation) सम्बन्धी नियम कहिले पत्ता लगाएका थिए ?  ,1665 AD
Caroline Wozniacki is related with which Game?  ,Tennis
मानव निर्मित नेपालको सबैभन्दा ठुलो ताल कुन हो ?  ,इन्द्र सरोवर
च्छो रोल्पा ताल कुन जिल्लामा छ ?   ,दोलखा
'गौरा' पर्वमा कुन देवताको पुजा गरिन्छ?  ,Shiva & Parbati
बि.स.१९९२ को एस एलसी परिक्षा मा कति जना पास भएका थिए ?  ,19
छिन्नलता कुन साहित्यकारको उप-नाम हो ?  ,रमोला देवी शाह
नेपालमा सर्वप्रथम स्थापना भएको पार्टी कुन हो ?  ,नेपाल प्रजातन्त्र परिषद्
माटोको संरक्षणको लागी नेपालमा कहिले देखि संस्थागत प्रयास गरिदै आएको छ ?  ,BS 2002
Where is the headquarter of United Nations Development Program (UNDP)?  ,"New York, USA"
तेस्रो योजनामा कति रकम विनियोजन गरिएको थियो ?  ,२ अरब ५० करोड
Newton को चाल सम्बन्धी कुन नियमका कारण पौडि खेल्न सम्भव हुन्छ ?  ,Third
Saptari जिल्लाको सदरमुकाम कुन हो ?  ,Rajbiraj
तल दिएको मध्ये Western Development Region मा पर्ने जिल्ला कुन हो ?  ,Myagdi
पुनजाँगरण को सुरुवात कहाँ बाट भएको थियो ?  ,Italy
मुगल साम्राज्य को स्थापना कसले गरेका हुन् ?  ,Samrat Kublai Khan
Abraham Lincoln ले कहिले रास्ट्रपतिको पदभार ग्रहण गरेका हुन् ?  ,"February 23, 1861"
अब्राम लिंकनको दास प्रथा उन्मुलनसम्बन्धी घोसडाको बिरोधको नेत्रितो कसले गरेका थिय ?  ,John Braun
Bottom Up Approach को अवधारणामा तयार गरिएको योजना कुन हो ?  ,आठौ योजना
भावी सन्ततिको लागी दिगो विकास कुन सम्मेलनमा पारित गरिएको हो ?  ,पृथ्वी सम्मेलन
Chitwan National Park को स्थापना कहिले भएको हो ?  ,2030 BS
Sky Lark चरा (जंगली काग) कुन राष्ट्रिय निकुञ्जमा पाईन्छ ?  ,Sagarmatha National Park
पाकिस्तानी पूर्वप्रधानमन्त्री बेनजिर भुट्टोको निधन कहिले भयो ?  ,सन् २००७ डिसेम्बर २७
Mustang जिल्लाको सदरमुकाम कुन हो ?  ,Jomsom
भानुभक्त आचार्य को मृत्यु कहिले भएको थियो ?  ,BS 1926
प्रत्येक वर्ष कुन दिनलाइ ओजन तह संरक्षण दिवशको रुपमा मनाइन्छ??  ,सेप्टेम्बर 16
सार्बजनिक संस्थानहरु मध्ये जनपयोगी क्षेत्रअन्तर्गत रहेका संस्थानहरुको संख्या कति छ?  ,3
पहिलो अन्तरिक पर्यटक को हुन् ?  ,Dennis Tito
Shey Phoksundo राष्ट्रिय निकुञ्जको क्षेत्रफल कति रहेको छ ?  ,3555 Sq. KM
अन्तर्राष्ट्रिय योग दिवस कहिले मनाउने गरिन्छ?  ,जुन २१
१३औ SAG GAME 2019 (काठमाडौँ -पोखरा) कहिले देखि सुरु भयो?  , सन् २०१९ डेसेम्बेर १
"सात ओटा वडा को एकै गाउँ भएको गोर्खाको कुन गाउँ हो, जुन गाउँ गोर्खाको नमुना पर्यटकीय गाउँको रुपमा पनि चिनिन्छ ?  ",बारपाक
धातु बाट नामकरण गरिएको देश कुन हो ?  ,Argentina
मुस्लिमहरु पौगम्बर मोहमदलाई को बाट ज्ञान प्राप्त भएको विश्वास गर्छन ?  ,अल्लाह
रामशाह कहाँका राजा थिए ?  ,गोर्खा
मोतीराम भट्टको मिथ्यु कहिले भएको थियो ?  ,वि.स. १९५३
नेपालको सार्वप्रथम महिला  न्यायाधीश को हुन् ?  ,शारदा श्रेष्ठ
तलका मध्ये कुन सरुवारोग होइन ?  ,रक्तचाप
 लिच्छविकालमा राजकीय भाषा कुन थियो ?   ,संस्कृत
Central Development Region को कती ओटा अञ्चलले भारत मात्र छोएको छ ?  ,1
बिराटनगर सहरको पुरानो नाम के हो?  ,गोग्रह
Church लाई धार्मिक करको रुपमा बुझाउनु पर्ने करलाई के भनिन्थ्यो?  ,टिथे
बौद्ध धर्मका प्रर्वकता को हुन् ?  ,गौतम बुद्ध
काठमाडौँ महा नगरपालिकाले फोहर बेव्स्थापन गर्न बर्सेनि कति रकम खर्च गर्छ ? (Data 2014 AD)  ,40 करोड
नेपालमा हरेक बर्ष सहकारी दिवश कहिले मनाइन्छ ?  ,Chaitra 20
करिश्मा कार्की कुन खेल संग सम्बन्धित छन् ?  ,पौडी
Stolen Images Of Nepal नामक पुस्तकका लेखक लैनसिंह वाङ्देल हुन् भने Lost Heritage Of Nepal नामक पुस्तकका लेखक को हुन्   ,रमेश ढुङ्गेल
संसारकै सबै भन्दा प्रसिद्ध Statue of Liberty कसले America लाई उपहार दिएको हो ?  ,France
Arghakanchi जिल्लाको सदरमुकाम कुन हो ?  ,Sandhikharka
Dhankuta जिल्लाको सदरमुकाम कुन हो ?  ,Dhankuta
Antarctica पुग्ने प्रथम नेपाली को हुन् ?  ,Bhuwan Singh BK
पुस्तकमा  राख्ने प्रचलनको सुरुवात कुन देशबाट भएको हो ?  ,बेलायत
सार्कले कहिले देखि साकृतिक विविधताको संरक्षण गर्न कुनै एक महत्वपूर्ण सास्कृतिक धरोहरलाइ सास्कृतिक राजधानी घोषणा गर्न थाल्यो??  ,सन 2015
Which is the Capital of Scotland?  ,Edinburgh
तल दिएका मध्ये को राष्ट्रिय बिभुति होइन ?   ,Laxmi Prasad Devkota
अरनिकोको बालक कालको नाऊ  अर्थात् वास्तविक नाम के हो ?  ,बलबाहु
ज्ञान प्राप्त गरेपछि ज्ञान बाड्न भगवान Buddha गया बाट कहाँ गएका थिए ?  ,Sarnath
सुकरातको माता Phaenarete को पेसा के थियो ?  ,धाई
Abraham Lincoln जन्म अमेरिकाको कुन राज्य मा भएको थियो ?  ,Kentucky
नेपाल बाट सबै भन्दा नजिक रहेको समुन्द्री किनारा कती KM टाढा छ ?  ,1126 KM
Asin Clearing Union को मुद्रालाई के भनिन्छ ?  ,ACU
सन् २०१४ को FIFA World Cup कुन देशमा सम्पन्न भयो ?  ,Brazil
अमलाको बैज्ञानिक नाम के हो ?  ,Phyllanthus emblica
सर्वव्यापी घोलक के लाइ भनिन्छ ?  ,Water
तराईको जंगललाई झोरा भनिन्छ भने लेकको जंगललाई के भनिन्छ ?  ,पाल
विश्वको सबै भन्दा गहिरो ठाउँ Mariana Trench को गहिराई कति छ?  ,"10,971 M"
त्रिशुलीको लम्बाई कति रहेको छ ?  ,263 km
नागार्जुन दरबार कसले निर्माण गरेका थिए ?  ,Juddha Shumsher
December 5 2013 AD मा ९५ वर्ष को उमेर मा निधन भएका South Africa का पुर्व राष्ट्रपति Nelson Mandela को पार्थिव सरिर लाई पैतृक गाउँ कुनुमा कहिले समाधिस्त गरियो जहाँ उनले आफ्नो बाल्यकाल र किशोर अवस्था बिताएका थिए?  ,"December 15, 2013 AD"
मानिस स्वभावत : राजनीतिक प्राणी हो।  यो भनाइ कसको हो ?  ,अरस्तु
"नेपाल अन्तरिक शासन विधान,२००७ कहिलेदेखि जारी भएको थियो ?  ",२००७ चैत्र २९
Abraham Lincoln को पिता को नाम के थियो ?  ,Thomas Lincoln
संयुक्त राष्ट्रसंघको सचिवालय कहाँ रहेको छ ?  ,New York
सबै भन्दा ठुलो / लामो माछा कुन हो ?  ,Blue Whale
Water Frame नामक जलशक्ति बाट चल्ने चर्खा को निर्माण कसले गरेका हुन् ?  ,Richard Arkwright
नेपालले कहिलेसम्म बालविवाह अन्त्य गर्ने प्रतिवद्धता जनाएको छ ?  ,सन् २०२०
Mid-Western Development Region मा नपर्ने अञ्चल कुन हो ?  ,Seti
Western Development Region को सदरमुकाम कुन हो ?  ,Pokhara
"रानी पोखरीलाई स्थापना कालमा 'न्हूँ पुखुँ 'भनिन्थ्यो , भने त्यसको अर्थ के हो ?  ",नयाँ पोखरी
"According to the official website of Government of Australia, among the 100 best Universities in the world, how many lies at Australia?  ",7 Universities
सबैले खाए पछि खाने राजा को थिए ?  ,Mahindra Malla
जनमत संग्रह गराउने घोसड़ा कहिले भएको थियो ?  ,2036 Jesth 10
नेपाल राज्यको कार्यकारिणी अधिकार कसमा निहित हुने व्यवस्था छ ?  ,मन्त्रिपरिसदमा
नेपालमा कुल भूमिको कति प्रतिसत भूभाग खेतीयोग्य जमिन रहेको छ ?  ,करिब १७ %
लामखुट्टे नपाईने देशः  ,France
सबै भन्दा पछि स्वतन्त्रता प्राप्त गर्ने SAARC राष्ट्र कुन हो ?  ,Bangladesh
